well_id,corr_lag0,best_lag_ft,overlap_pts
000d7d20,0.8484576609525682,0.5,1041
00bbac68,0.8546186822675379,0.0,1637
00e12e8b,0.7917449179082398,-1.0,1995
015fe0d2,0.881086553351652,0.0,988
01869cd4,0.7702499448480891,0.0,776
01982c1d,0.9172939130859818,0.0,1536
028d7b28,0.8822387848089588,0.0,1107
02e7fe5a,0.8112885809340288,0.0,792
0390d174,0.9667562453815927,0.0,1013
03a935ae,0.8730451120882073,0.0,1292
044af7d1,0.855181950629089,0.5,1073
0498acab,0.739741790290304,-4.0,1500
052d64df,0.8651462691479275,0.0,1845
05948241,0.8777289530298213,-1.0,1615
059c8f24,0.8235206150831497,0.0,1447
05a0ee4d,0.7773912153630201,0.5,1565
060ab2b8,0.8585124487813769,0.0,934
06df5958,0.5594899080839643,0.0,1142
071d7b45,0.762335999874067,0.5,803
0849b4e2,0.8642585309556766,0.5,1795
084d66f9,0.7383271727856838,-31.0,1759
08fecf00,0.8026797329196497,0.0,3678
09053135,0.9022241953007054,0.0,1556
09441b8d,0.9193103195946198,0.0,1508
0955cd6c,0.8455068128756956,0.0,2986
09ec2ca9,0.8776101855001517,0.5,1624
0a57a29c,0.7254275128029309,-1.0,1037
0bbf5e67,0.9883186528700308,0.0,1578
0be01c24,0.8578224760368734,0.0,1526
0c1b160c,0.9077902928670213,0.0,1152
0d99f8e4,0.6179234956161701,-2.0,1101
0dc5e64d,0.9116577147294664,0.0,1034
0dc835f3,0.911414590408653,0.5,502
0dd99dc5,0.7498680354247569,1.0,1394
0e5e560d,0.9427332083102509,0.0,1588
109d9d70,0.7602416743600963,-0.25,2557
10a1281a,0.8402829844152029,1.0,1565
10b89021,0.8023196923937042,0.0,758
10be2420,0.9571376608288719,0.0,1708
113011eb,0.6990926234875303,0.0,743
1131525f,0.5975399404870734,0.0,1052
11d0f5ac,0.8913456628790191,0.0,523
12203f2a,0.8570805592802885,-0.5,1616
122bd617,0.9468345766794543,0.0,1912
125be846,0.7774926544645346,0.0,1153
1285a37b,0.7759809125661001,0.5,1759
1295a25b,0.8121048054653821,0.0,1111
12f0cd90,0.8358960285151122,0.0,1084
137d1e44,0.6777262404548204,0.0,1724
13ce113d,0.8255621256566218,-2.5,1814
13f598d9,0.8292060810564708,0.0,1296
14a53cb3,0.8835867839491172,-0.5,1626
14ab73fb,0.7720346809735592,0.5,1319
14ad5efb,0.8730858981556306,0.0,1109
14fee784,0.88266774889867,0.0,1099
153552f5,0.7547162334363744,-6.0,1531
1550491d,0.76019558792547,0.5,863
155887bb,0.830252177324884,-0.5,1969
1590af81,0.8659816683354169,0.0,925
15e154a1,0.9581842342226715,0.0,2825
1619e2ca,0.8829500128286265,0.0,1361
16e4a047,0.8055975715086148,1.25,3431
173ed841,0.6731700322278239,-10.0,1510
1770d7c6,0.6828994353610821,-0.5,1590
177622d7,0.8608275371393804,0.0,1101
18d24f7b,0.8515728007136777,0.0,1307
19137a89,0.8831955209170222,0.0,965
1944513c,0.8275872180434851,-0.5,1216
197f8a5a,0.33167541356007296,-10.0,1807
19871e7f,0.7747242744483135,-0.5,1661
198a5607,0.9419112204685307,0.0,1704
19fb4f7b,0.7952784450103918,0.0,2251
1a518997,0.8009237494051227,0.5,1543
1a68190b,0.6818661296703951,-0.5,1661
1a730ac2,0.7753321343820321,0.5,833
1aaf1da0,0.8507622520158277,-0.5,1497
1b08ed48,0.8833759824428321,0.0,1159
1b1c5372,0.8861161760598725,0.0,1087
1b1eba53,0.7647046561192455,0.0,1867
1b6ba517,0.8348461251366237,0.0,1778
1b82b665,0.8331004532780363,-1.0,1038
1bcb2fcf,0.8099575785130778,0.0,1267
1beca81d,0.8972797825668376,0.0,1220
1d3fbf02,0.7615006151885814,0.0,947
1d78281a,0.8401418706475139,0.0,1731
1e30dedf,0.9310041060491998,0.0,713
1e5e3573,0.8434737936367779,0.25,2926
1f9afacb,0.8831773498159435,0.0,3119
1fdbba44,0.7275284051071296,0.0,933
1fee2b62,0.7157545427711891,0.0,1526
20096916,0.6740837620634282,0.0,1603
200d233d,0.881169325958291,-0.25,2864
201661b5,0.8172256976427433,0.5,4578
203721ab,0.8283610621406872,0.0,1161
20402d71,0.7457038464503214,0.0,1360
2043abc5,0.8137048848102221,0.0,1054
204cc64b,0.7407756391314213,0.0,1543
206b6193,0.8869412465514181,0.5,1506
2075c696,0.8310576008534273,-2.5,2233
22c5f93f,0.6524530638500587,1.0,1661
230eaaa3,0.7901806920437305,3.5,1835
2364716c,0.9624454284684235,0.0,3031
23b9beb0,0.8029230254685082,2.0,1001
24d8997e,0.8344193503656803,0.0,1421
25050f63,0.8649623556038634,0.0,1354
25939962,0.8306935905399923,-0.5,1619
25fd32b3,0.8464553169074193,0.0,1049
261785ee,0.8910716062280396,0.5,1960
264feceb,0.8569752519785623,-0.5,1548
26623a50,0.8696485798778107,0.0,1624
26d3a96a,0.882765240914164,0.0,1521
272abef3,0.8608641877751064,0.0,1201
27300fd5,0.5603965057016401,0.0,1534
276b012a,0.8527671838913053,0.0,908
27c3155b,0.8733000924004776,0.5,2038
27ebb9b9,0.8884656651481193,0.0,1635
283269ac,0.8848907294522759,0.5,1828
28473855,0.7843837862433057,4.25,4479
28f4eda9,0.8348005844458766,0.0,816
29b24409,0.7840674235671033,0.0,1037
29de15c8,0.8572358143998513,0.0,1289
2ab29395,0.5963473747921427,1.0,726
2ac7cb6b,0.9163692507468494,0.0,1065
2acc78d4,0.8032557424862041,0.5,1558
2b034622,0.8257230528154137,0.0,2409
2b06ad65,0.8361518230021301,0.0,1024
2b547943,0.8258936399750756,-0.5,1461
2be5c96a,0.8780490796179029,0.0,1210
2bff06cf,0.8450690110210489,0.5,1677
2c0c4a4e,0.9522262900920179,0.25,3081
2cee0cba,0.8791588781948871,0.0,781
2d0c268a,0.9508789409899885,0.0,1589
2d179ded,0.8237750630156184,0.0,1988
2d196986,0.8696934669252482,0.0,1560
2d2d0c6b,0.721868039268443,0.5,1195
2d35f86d,0.7863818880770749,1.5,1389
2d9f6cb9,0.8391468637819766,0.5,659
2ddad940,0.8822739087402418,0.0,1186
2e29e833,0.8581701177851478,0.25,3231
2e43c2ea,0.800674632650562,0.5,1509
2e63d9de,0.9090874647144132,0.0,1579
2ee0235b,0.8774418127124509,-0.5,1474
2f19d536,0.7786647176514616,-0.5,1099
2f8e53c3,0.829746216192833,-0.5,2175
2fa01aa6,0.7613851209889378,0.0,1576
2fd68f7b,0.936988256061679,0.5,1470
2fe023be,0.8319643052470818,11.5,1749
30d75030,0.8805894290004888,0.0,1152
310c71a5,0.9040964927540204,0.5,1562
32fe84c9,0.8289622135426075,0.5,1403
33c40295,0.8666398549218776,4.5,1433
3407f5bf,0.9384294122830579,0.0,1264
3417285d,0.8897900382079283,0.0,765
347242c8,0.8013896278203995,0.0,1589
353e5502,0.8612550102197769,-1.0,837
357c12f9,0.9486226479600334,1.0,1941
3584a6eb,0.8325464545453484,-0.5,1522
35b30c7f,0.8664468539830249,-0.25,2583
35b3ef6a,0.9436477519006522,0.0,1308
367456ce,0.9484191938663393,0.0,1442
368131f9,0.7779231197553227,0.0,1006
368fe682,0.5855739833633729,0.5,1072
3690a146,0.9348591929846838,0.0,1623
37344c2a,0.900765562059212,-0.5,1407
373ef48b,0.8237961624009275,0.0,1110
374be387,0.8818475997887946,-0.5,1669
37d36812,0.8353765719397371,0.5,1446
38991fd4,0.9419618225010348,-0.25,2567
389ae58f,0.7925447181298093,-0.5,1614
3932faa6,0.8251045010373388,0.0,1949
398dce4b,0.9647356851122061,0.0,1644
39b51819,0.84209115123568,0.5,1438
3a0af893,0.47040647554328446,-0.25,1903
3a223519,0.7035267946653398,7.0,1891
3a7dd95d,0.8136727631585541,-0.5,888
3a824aa7,0.8122416927785949,0.0,1084
3a86fe8d,0.9095872533447773,0.0,1165
3aaa2b30,0.8854686941972327,0.0,1138
3ac16ad0,0.844693643071136,-1.0,1572
3b21ea64,0.7442127457525382,0.5,1443
3bbe1f5d,0.8326505064819474,-1.0,1464
3bfee975,0.806033630699596,-0.5,956
3c3dbcbc,0.8681667598410082,0.0,1383
3d96d897,0.8344003961317518,0.0,1136
3df4b19e,0.8866998023283891,0.0,1499
3e011332,0.9121954638619236,0.0,2155
3e678ea7,0.8243064525910077,0.0,1358
3ef6372a,0.7863980831923917,2.5,1738
3ef98781,0.8080235373399675,0.0,952
3f603129,0.8844903175740039,0.0,1036
404c4384,0.9147975988917691,0.0,1469
4121c517,0.9383231071205271,0.5,1738
41fb0192,0.6701663706947338,0.5,915
42669188,0.8891801132464008,0.0,1627
42c538a1,0.7050661455413552,0.0,913
43b06c70,0.8651888328362676,0.0,1566
43c7f85a,0.755433191766493,0.0,1116
43e16325,0.9024069369725305,0.0,2004
44441e54,0.6390740422238225,0.25,1691
445af6c2,0.898547216261491,0.0,1827
4463446c,0.8189781462412206,-0.5,809
44a94013,0.8312281520366713,0.0,531
45fb3e21,0.8012264784113624,-6.0,1920
460f859e,0.7559280927116422,0.0,1294
4630ab92,0.857617148288645,0.0,3849
463c38f2,0.8649811558387357,0.0,1859
4654e7de,0.9051248973446184,-0.5,1200
466fc788,0.9014921958911948,0.0,3471
46a301e9,0.9033676734105701,-1.5,1432
46a7190b,0.6976024444832113,1.0,1052
46d24a09,0.7292094219068342,0.0,1189
46d41ff6,0.8246347770088231,0.0,777
46dfcfca,0.7764135488773345,-0.5,906
47222616,0.8294352527282135,0.5,878
47ee27ab,0.8910646804566306,0.0,1373
481de5fc,0.7965321202996742,-0.5,1588
48c1f673,0.9534790074603765,0.0,1481
4936af16,0.9299525933188111,0.0,1154
493b5b31,0.8168561961798283,0.0,2059
49dbc14c,0.6409978647468968,-1.0,943
4a035ec2,0.7100917388970532,0.0,1640
4a335117,0.7377958692646464,-2.5,2092
4a8ecc0b,0.8246108386370684,0.0,1707
4b462989,0.9398028425436125,0.0,1383
4b831d20,0.5702490309077357,8.0,2371
4c2208f5,0.7344271595207557,-0.5,1527
4c3168cf,0.8463532271049475,0.0,1331
4c3df468,0.7892215962894891,-0.5,968
4caa7289,0.7935500522138575,0.0,1018
4cd1ac61,0.8737926650237027,0.0,1948
4cecf7b3,0.7703238063248989,-0.25,2258
4ddde4c1,0.9626081344204717,0.0,1835
4e050c92,0.8454094133892733,0.25,2177
4ed93db6,0.8435432662705267,0.0,1776
4f3eb9e9,0.7671173677103876,0.0,434
4f4ac5ce,0.9163790567836898,0.0,642
4f4afcc6,0.9100840662796917,0.0,1122
4f69febf,0.8988736341169241,0.0,2259
4fbe9c06,0.8605515044445674,0.0,803
504c8b08,0.840407668611509,-0.5,1676
511e1db0,0.907134774141988,0.0,2861
512943b2,0.8940151120947805,0.5,1479
5138a660,0.7500918740699271,-0.25,1715
516088b7,0.8235018357446798,0.0,1461
521a7819,0.8543389390704391,-0.5,1781
5254b6db,0.7882142078298109,-0.5,1620
529e88ca,0.9401432041746614,0.0,1698
52f1e77a,0.7606985981382932,0.5,988
5305524b,0.5120670720889093,4.0,519
53134831,0.839069062723879,0.5,3675
5397ceb1,0.8404879234239198,0.0,1182
53f23031,0.8902594109310674,0.0,1402
543198e8,0.8167900539644587,1.0,1444
54753541,0.8834934052972495,0.5,1018
54a7e3c2,0.9009054109682912,1.0,1277
5542c301,0.919621255962424,0.0,1393
5567d551,0.7635057810660903,1.5,1096
55efee7f,0.6963852435269395,-0.25,3275
5663b2b7,0.8355011464104537,0.5,1870
5693dde2,0.3960480625985996,0.0,1977
56b00794,0.6252562299984635,2.5,808
57796579,0.9360509004773269,0.0,3460
577eec7c,0.9192675272693034,0.0,2572
57f05c51,0.7801844473827928,0.0,1776
58850d2c,0.6752228773068308,-4.0,1620
58fa8486,0.8267652860343746,0.0,1563
591cc951,0.9223903640280647,0.0,2702
593876b6,0.8592151286233215,0.0,1058
59f8b2e8,0.8010126117302142,-0.5,1424
5a1a8fd8,0.8234544735901096,0.0,2687
5a5269a9,0.8274185661944015,0.0,1137
5a5d1982,0.9040904228793412,-0.5,961
5a63b5d1,0.7900601139087712,0.5,1513
5aa03df7,0.9005488959675099,0.0,1888
5aa403d0,0.9443955284011363,-0.5,1308
5aef5c6c,0.8585163436043364,0.0,769
5b7b6324,0.8386519331631013,0.5,1000
5bd25f59,0.970394693003851,0.0,1909
5beded95,0.7923540745550152,18.0,1517
5cb483ac,0.8207233248029615,0.0,1908
5cdd8dbc,0.7217862958726927,0.5,1434
5d11dfb5,0.8579077913083075,0.0,1655
5d7198fd,0.7849406783314178,-0.25,1029
5def1ce5,0.7962792985548734,-0.5,1125
5eae34a8,0.9294005829470299,0.0,715
5f4d2a52,0.8777864526130643,-0.5,1617
5f6756c5,0.8508795377214297,0.25,3944
5f75f796,0.7327541324337095,0.5,1709
5fb1c15f,0.9083081162979849,0.0,1606
5fffa282,0.9186534553461652,0.5,1820
60e37807,0.9084433546860128,0.0,1845
61f27424,0.8139322723171188,0.5,2230
62569ae3,0.8998276713258168,0.0,1339
62a6f539,0.7810497897293859,0.0,1298
633774dc,0.9318704978981163,0.5,1550
63559d57,0.8327338652826404,0.0,2643
647f2a41,0.8398570445970136,0.0,1752
65156b96,0.8655683170551105,0.0,1640
653612bc,0.8161491119154172,0.0,850
656a067b,0.9417531308864284,0.0,1694
65a5466a,0.893511311192829,0.0,1036
660d9546,0.7396350214632059,0.0,893
6767c111,0.9177024101070114,0.0,1360
67847288,0.7862461988109427,0.5,1204
67a8da4a,0.8362103380536678,-0.5,1502
684a6fc1,0.9492084560092618,0.5,2825
698930d1,0.948132124482581,-0.5,1695
699ea575,0.8348497648256349,0.0,1822
69c1bdad,0.8952737968610265,0.5,1504
69e41fa6,0.6522714723008723,-1.0,979
6a0ff78e,0.8289312329422821,0.0,1010
6a8fa194,0.8156765150025562,-0.5,1358
6ae68655,0.7718640903955818,-1.0,696
6d1d74e1,0.7606130087302942,0.5,872
6d590e26,0.8790381520632253,0.0,1592
6d6d93af,0.6066007137082994,0.0,1202
6dbe4b60,0.8903032823699025,0.0,1580
6e6d122c,0.7220036695081073,-1.0,1071
6e9ccd38,0.944217245629031,0.0,638
6ea22614,0.962385977042549,0.0,1822
6ede926a,0.8353861151163037,0.0,1143
708caea9,0.9212506154843066,0.0,1805
70925e23,0.5885336692446109,-0.5,1974
70e1788b,0.8466096137792232,-0.5,1892
71642c7d,0.7014857898408065,9.0,1968
71ccf778,0.8485659072858662,0.0,1742
7224331b,0.7917844848411758,0.0,1076
722cf0d8,0.8848411409581821,-0.5,2047
7256229b,0.900152384542054,2.5,1480
726f3dc2,0.864532056151132,0.0,1704
7271dd80,0.970376362033781,-0.25,3570
727a3a10,0.7061129837916212,-0.5,1705
729665c0,0.850401473213498,0.0,1158
729e9750,0.8166453960985285,0.5,1116
729f4217,0.7776909047758045,0.0,938
72dd8501,0.8665429908941785,0.0,3084
73348914,0.7035194109452817,0.0,710
739a914f,0.8837434543603548,0.5,1329
73b1447d,0.8478866825979987,0.0,1798
74b6186b,0.8725921124399831,2.0,1610
75c20ec7,0.8454213315311379,1.0,1741
75cd5f11,0.6857726475233417,-1.0,1171
75d20a82,0.8651212617691434,0.5,2001
76201745,0.9417899129474907,0.0,879
764072a5,0.902343067812285,0.5,1424
77b0d905,0.8358345632133732,4.5,1472
77e4821c,0.8119812399579491,0.0,996
7850c72e,0.8102984374277282,-0.5,2120
78a4a386,0.7854031235057448,0.0,318
79507629,0.7634104066758506,0.0,2088
796dbd4c,0.916809952655358,1.0,1805
7987f2f2,0.8163093739802278,0.25,3531
7993a768,0.8790452128716159,0.0,751
7a5660b0,0.7976596664718002,-0.5,1791
7acda2df,0.4003259816991787,17.0,912
7b2c7b3c,0.8973379764116289,0.0,1083
7b38844c,0.8435103641617145,0.0,1943
7bb17b96,0.8459483569001132,-0.25,1898
7c607683,0.863643085557032,0.0,1514
7cbbd047,0.8842533972871527,-0.25,2948
7cd4bb31,0.8319963539566203,0.0,1047
7d50373e,0.8235446902431004,0.0,1073
7d57c75d,0.9224845682406858,0.5,1455
7e208414,0.847646754868145,0.25,2026
7e721392,0.7985933257210929,0.0,1899
7ff89f8f,0.7258143371079313,0.5,2106
8050c789,0.9245339266346109,0.0,1267
807f0298,0.9399247190637747,0.0,1251
811f52b3,0.9116503816418139,-0.5,1737
81bf5923,0.7531603698678201,0.0,1514
81fc01c6,0.9574729516561326,0.0,1651
8255c867,0.8535867514341611,0.0,1768
82aab6d2,0.8101998472040524,0.0,1580
82fcf37c,0.7074625502512282,-2.0,906
833af382,0.7983798306812849,-0.5,1405
8382f4b6,0.6792050922196718,0.0,1055
84633df4,0.9507408818778919,-0.5,1702
8478df29,0.9443050973111845,0.0,1661
84815d5a,0.7739468435527135,0.0,3519
84c3b497,0.8189054794239148,0.0,1069
85380836,0.8849420624056081,0.0,872
8612b37f,0.8451704732155801,0.5,1236
861e71df,0.91775317741592,0.0,1806
86454a6f,0.5129011964033636,-5.5,266
8648abae,0.8313947415220196,-0.25,3732
865033f8,0.6802609649872852,-0.5,1540
87695469,0.779343438248483,-26.5,3318
877ed19c,0.8592135450598033,0.0,1577
87aa3730,0.7989341767044391,0.5,1202
884ecb5f,0.8467471299691854,0.0,1100
8902c3f6,0.9262059437119857,0.0,1127
896d15b9,0.8565494716192952,0.0,960
8995c945,0.8947578744180769,0.0,1441
89969c7a,0.9405017938898529,0.0,1779
89f1085d,0.543988047966254,-0.5,764
89f36adf,0.8318764119947348,0.5,2866
89fdb2f2,0.8660172232678259,-0.25,2135
8a3da6d1,0.8677484940999469,0.25,3263
8a89da23,0.8528184179425781,0.0,1268
8a9c8932,0.6352944186893712,0.5,1022
8ac2f237,0.8226480607286234,0.5,1093
8b12bab6,0.8374119380034465,0.0,1745
8b5be31b,0.9194846485717931,0.0,1667
8b95d6d1,0.8928765137890803,0.0,1017
8b9d8326,0.8709079245630497,0.0,1365
8bb9c1e6,0.879833986310034,0.0,1555
8bda1a11,0.7987357212645839,0.0,1130
8bfa881d,0.71302218742666,36.5,1510
8c167025,0.9179669557536756,0.5,1256
8c8348e8,0.7199859846616312,0.5,1226
8cc21f01,0.829920718299412,0.5,1682
8cc800b3,0.9150105253121359,-0.5,1230
8d5d46d7,0.7803095976880426,0.0,1274
8d92cb49,0.7822822249834036,0.0,910
8f201368,0.8286191260196033,0.0,1019
90386ee4,0.7858356904356263,0.0,1029
91abc4c7,0.7962928840084958,0.0,892
91b301ce,0.8836175886577743,0.0,1303
91db7070,0.8602911888409803,0.0,2477
925a7cd1,0.8094980298400009,-1.0,1596
9283ae69,0.8316561577193634,0.5,1544
9298ad5b,0.8674916030696882,1.0,1490
9314ff13,0.8184909392120817,-1.0,1221
93209a3d,0.8552135744665654,0.0,1157
939d9c34,0.8717319145880348,0.0,1995
93f5d2e6,0.8899834454270724,0.0,1047
940a48d9,0.955470991881044,0.0,1662
940e709a,0.6225205118255555,0.0,1397
9426ec1e,0.7905682642716283,0.25,1887
94467f50,0.8023232256185047,-5.0,2129
944f36b9,0.7993117343345099,0.0,989
94d813a4,0.8124587288892913,0.5,1634
95b559e7,0.8963982767887486,0.5,1520
95c8427f,0.8834049012607342,0.0,1635
96936c22,0.8665072369641594,0.0,1415
96ae5806,0.8804428434799668,0.0,1561
96b7eea1,0.8635286370558556,-2.5,1607
9719aa04,0.9336352648692442,-0.5,1614
974802e7,0.8416794066782759,-0.25,2562
97cd5bf9,0.8493141093905446,-3.5,1462
98177ced,0.8661923526148302,0.5,1967
9896fc0b,0.9187553797824742,-0.5,1188
98bc6f66,0.8285916645571961,0.5,1462
992c99e8,0.8681839215107835,0.5,1665
992ce078,0.8595934611798459,0.0,1642
99529c45,0.9342804552555137,0.0,788
995ff498,0.8916965656953633,0.5,1290
999daf80,0.8310312025534721,0.0,1361
9a6b0392,0.9303570522911865,0.0,1229
9a8ae0d6,0.8697746159653821,0.0,2422
9a95e33f,0.9270501299894988,0.0,1787
9ab94eeb,0.8400611507688294,2.0,1696
9ad5410a,0.6683482772855301,0.5,982
9ae248be,0.7600321130781422,0.0,827
9af1ffd0,0.9502410122914774,-0.5,1659
9b5b61c1,0.9404547193345247,-0.5,1546
9b9e3b49,0.8856321115523915,-0.5,1661
9bd2bba3,0.849191491304762,0.0,1635
9c211c53,0.9004933107322236,-0.25,2519
9c350a6a,0.9008092663449546,-0.5,1619
9c8375f7,0.7799477251644737,0.0,1735
9d072e4c,0.8227915163332843,0.25,2219
9d3ec64c,0.9531538817616307,0.0,1444
9d4272e3,0.7310686706255362,0.0,1481
9d5e14d4,0.8516164101620064,0.0,729
9da441ba,0.7958068019627825,0.0,897
9dede370,0.8215242504343016,0.0,1675
9def2eb2,0.8882081809517487,0.0,1427
9df1b1f9,0.8530534382995114,0.25,3543
9dfff011,0.847297964275489,-0.5,1849
9e3e364d,0.7686149412682233,0.5,1010
9efc812e,0.9538237841180536,-0.25,2294
9f0c7bae,0.7018001928545499,1.0,698
9ffce529,0.60997727321802,0.0,1180
a0383629,0.7865618592419464,-0.5,1432
a056d01e,0.8220750327271205,0.0,1494
a08d9e63,0.7783520529412677,-0.5,1184
a0b83014,0.8941283478920714,0.0,1877
a0e92ed6,0.7828239170017843,0.5,811
a15bc102,0.9263046273535035,-1.75,3489
a247e7cf,0.8000420623185123,0.5,1187
a2e8e7f6,0.8729692851818333,-0.5,1017
a3518960,0.7995219266104732,-0.75,4374
a3f71395,0.6915012954640031,1.0,1105
a4719920,0.8649663204138281,0.0,1111
a48640d9,0.5783347093594715,6.5,1589
a4cdbb0f,0.8438265911553079,-0.5,1099
a4f989c2,0.9023623702689093,0.0,1196
a5aa7973,0.9511308344483106,0.0,1664
a5e6f7dc,0.8358505109789865,0.5,1409
a612d5a0,0.9441596535256642,0.0,1452
a622ce4d,0.8369238547936269,0.5,1220
a645da9a,0.8514013291791276,-0.5,3030
a692b17e,0.8025664566862768,8.0,1669
a6b8ac67,0.8652482978124024,0.5,1424
a6ed2eff,0.8743393152461434,0.0,1690
a6f967fb,0.7924292276841048,0.0,2353
a76db406,0.8908905594026876,0.0,1707
a7744f5b,0.8802360895129211,-0.5,1324
a783cc24,0.935910980168795,0.0,935
a79fd2e7,0.8861415840683938,0.0,3451
a7fc3e6b,0.9423202784592182,0.0,2834
a85bb86f,0.7852330610005178,0.5,1806
a85e4bc3,0.8240332134090994,0.0,2150
a87433c9,0.8608545300789036,-3.0,840
a8ed028a,0.812248465765574,0.5,1532
a959858c,0.777873807063113,0.5,4656
a9c9b150,0.8745479317943922,0.5,1660
aa95015b,0.8984497680318935,0.0,1210
aaaf3c03,0.8372928201138375,0.5,1566
aaeffccb,0.8517569703024112,-0.5,1293
ab112491,0.8273871244810194,0.5,2002
ab18d3fc,0.8498390439543758,0.0,1466
ab3ced07,0.8615328574610565,0.5,1590
ab6fe95d,0.8748421102691684,0.0,2628
ab94878e,0.9403911514255715,-0.25,3227
abf460d2,0.8748333179114741,-0.5,1173
ac6f01d5,0.8132211244101512,-0.5,1602
ad2133a8,0.7247237734589874,-0.5,1421
add9c322,0.9340563419184996,0.0,1308
ae069086,0.9396986789424916,0.0,3899
ae0784a8,0.9072678560694879,0.0,825
ae35f33a,0.6171507349162808,13.5,1868
ae8959c3,0.9301924190748256,-0.5,2146
aed44918,0.7164760604253858,0.5,668
aee6393a,0.7561522983676452,1.0,740
af7a59ce,0.6027172953667405,0.0,921
aff4e561,0.8345086486643656,0.0,1485
b04b58a3,0.9380708334735265,0.0,1249
b0d42b0d,0.8367359252284703,0.0,946
b0f53bf4,0.8842846225244664,0.0,724
b19b0395,0.8262639510687491,0.5,1037
b1efb8a4,0.8333878268626291,0.25,2505
b32902c0,0.9203073723557995,0.0,1725
b32e4903,0.6916618011303836,-5.5,1212
b3388334,0.8982683798124972,0.5,1679
b37fd114,0.8472505758594598,0.0,1115
b38e3116,0.8777188732580511,-0.25,3140
b4d8dd4f,0.8350932278114095,0.5,1557
b4f37e6e,0.8709437755126,0.0,1034
b56bc0aa,0.8294779618947346,0.0,1723
b585b4fa,0.858149814111062,-0.5,1543
b5aa9634,0.8122985815737823,0.0,786
b7974e66,0.8617276210978414,0.5,1105
b7cdcecb,0.832040770361946,0.5,1155
b7fea9ef,0.9523605402515806,0.0,1203
b85f7b06,0.8100076572628176,0.0,1192
b881d27e,0.6128331150909223,-3.5,1216
b8c49c1a,0.8557459227141533,0.0,1895
b95e7121,0.8111111694348235,0.0,994
b977be4a,0.8141497272562475,0.0,1102
ba48188d,0.8140780443611821,0.5,994
bb2cdd83,0.8639307163594884,0.0,1673
bb337fa0,0.8811943892435345,0.5,1081
bb682ebd,0.9255562356983921,-0.5,1739
bc4381e2,0.8122149566527781,0.5,700
bcebcc5f,0.9454441006896834,0.5,2818
bd2c2f34,0.9352927767672929,0.0,1431
bd4ae5da,0.8049672532391687,1.0,1822
bd6f0e19,0.8775660332356864,-0.5,1516
bd8f847e,0.7007756855622695,0.0,1004
be063506,0.8037257745108488,1.0,1805
be35c8f2,0.8500468258057161,0.0,1500
be83e781,0.47301271595062333,-10.5,1123
beda8696,0.7741395727987369,0.0,1608
bf39bc20,0.7660649013195872,0.0,1302
bf70b410,0.6700556320383135,-0.5,1413
bffe3082,0.756703641676003,0.5,1132
c03b9305,0.8133421288720301,0.5,1723
c03d4aed,0.7954293087152877,0.0,1432
c03fba65,0.9279011621960018,0.0,1934
c07fd0cd,0.8041282720566034,0.5,1623
c1708b88,0.8872797072319936,1.0,1541
c1d046f4,0.9032223605692726,0.0,905
c2717d4f,0.8926928294760412,0.0,1470
c2c4db09,0.8994508645904178,0.0,1378
c2c6fc71,0.8735351955674764,0.0,1248
c36625df,0.815284589613915,0.5,1599
c3957531,0.796749120064334,0.0,1849
c42fe306,0.8284278472237573,0.0,899
c43812e2,0.7817290738655477,0.5,1700
c472c0b5,0.9568486822915742,-0.5,1379
c47e0767,0.8223586218768439,0.0,1479
c50b42f6,0.8590903134005007,0.5,1785
c593337f,0.7640672906270515,0.0,1341
c59b6c4a,0.8695500776107263,0.0,1865
c66be2b8,0.9007602613967839,0.0,1811
c6797dd7,0.94802922417977,0.0,2821
c6b782a4,0.9340485594859593,0.0,2742
c6c96179,0.841649422868841,1.5,1655
c70c0e01,0.5924579516506803,6.5,1496
c84c65be,0.8848625163979014,0.0,3110
c8d9680c,0.808198132549628,0.0,1051
c908edd0,0.859780537629623,0.0,1044
c9578d27,0.8510419318730907,0.0,1328
c96c018a,0.8905968663500388,0.0,1208
c99f9fae,0.8622739018192573,0.0,3991
c9e6734f,0.8768219521908422,0.25,2542
c9e980e8,0.8786529404972171,0.0,1934
c9fedcf3,0.8786290070355254,0.0,1483
cad13e8f,0.8228004109272873,0.5,2112
cb34231f,0.8984549135549366,-0.5,1894
cb879f40,0.9101223879716608,0.0,1164
cbb406b5,0.7768179164034754,37.0,1756
cbe51de1,0.8449434965509665,0.0,2433
cbe62450,0.8041089471536771,3.5,1193
cc08aa63,0.7469070421030345,3.5,1418
cc8a1d57,0.7759607000020168,0.0,1365
ccedb12b,0.811436016074731,-0.5,1616
cd7f1687,0.869171789789961,0.0,1657
cda7eb37,0.7935016460491018,0.0,1363
cdc31d65,0.8549419860048001,-0.5,1205
cdc60a53,0.9256585231194061,0.0,1073
ce55ba43,0.8185575714950878,0.5,964
ce8399b7,0.8570804036214011,0.25,3869
cf50c9d1,0.896667690030911,0.0,2301
d00e7eb9,0.8198575429622417,3.0,762
d011f41b,0.8971243666549534,0.0,1194
d07aed8f,0.8875458908933616,0.0,1253
d085e611,0.9545186715614947,0.0,1402
d0a0e7b5,0.881116731048955,0.5,1071
d0a43760,0.8513009551681869,-0.5,2251
d0cb63ae,0.9373104317025106,0.0,1586
d114d9c2,0.7767322300940492,0.5,972
d1457cc5,0.7761428617463557,0.0,1886
d1ecf309,0.8845456849887792,0.0,1833
d1ee630d,0.8804371559753,-0.5,1242
d217e0c5,0.8545320094757474,0.5,1655
d24ff243,0.8715223792852776,0.0,1218
d273674e,0.8787110979651143,0.25,4246
d2f3b1ab,0.838852124601318,-0.5,1054
d3df146b,0.7591468993015359,0.0,2446
d40f61d5,0.7932492596056253,3.0,1564
d41beaf2,0.9365964783971221,-0.25,2574
d463e527,0.7766589466813305,-0.5,4539
d4f60a28,0.6754327465824417,3.0,1701
d50c649a,0.8598239155468902,0.0,1238
d543916f,0.927241116108246,0.0,1117
d5df0ff5,0.8478043178427472,-0.5,868
d60430e6,0.16081019929986223,-5.0,700
d63196fe,0.7949943664573643,0.0,1213
d6c320d9,0.8735462135029587,0.0,1088
d6dd7330,0.843859557689937,0.0,2301
d7ba4f9d,0.7270718595382932,-1.5,1200
d7eb0be8,0.8256012516311535,-0.5,1556
d84b621b,0.8023152375925877,-4.5,1595
d90aa14c,0.9231369014259979,0.0,813
d924e971,0.861045532655529,0.0,3039
d9ae59b2,0.8341996869114481,1.0,1317
d9d6d94d,0.6724969786973342,0.0,1183
d9eca87b,0.7491587825592875,0.5,1455
da2d4d7c,0.8278271129997755,0.0,882
da3bfe4e,0.5650275367915063,0.0,1104
da3cf798,0.9443669357136868,-0.5,1595
da940160,0.8780008854476568,0.5,1715
dafc88c3,0.8487907564822601,0.0,970
dbee6c86,0.8161312866288636,0.5,1706
dc5fbe29,0.9356840633629817,0.0,1536
dc7da28f,0.9667944871410602,0.0,870
dc7f9757,0.8906294433662499,0.0,1707
dd168de0,0.7700210071469994,0.5,1477
dd64382d,0.9492597768333989,0.5,1683
dd6bc5b2,0.9110609851771693,0.5,2211
dd7d638e,0.9013806869898501,0.0,1539
ddc790ff,0.8348188348786731,0.5,1779
df71d1ff,0.7855866356275023,0.5,1332
df73b8f3,0.7665471176776597,0.5,1558
df8290be,0.8342934390910514,0.5,1434
e0079ed1,0.8973905332686025,-0.25,2401
e03b45fd,0.7268039789906892,0.5,1549
e0f36d98,0.9227940579196799,0.0,1307
e149204f,0.8437024098709089,0.0,1025
e14d641e,0.8752956587563724,0.0,1567
e161bd0c,0.7905950253082181,3.5,1762
e201fd6d,0.6736249429748415,0.0,1614
e25f1537,0.9286920225308204,-0.5,1614
e2fc7745,0.8694111553230117,0.0,1578
e32da4ec,0.8258401644764274,0.0,954
e3b34f5b,0.8502137437551024,0.0,2559
e45a2a62,0.8870778527447494,0.5,1308
e46f4ef4,0.7250935734872498,14.0,1488
e4726608,0.8722468656581402,0.0,1131
e5864244,0.7506700059738682,-0.5,1454
e5c92e59,0.8691941129210119,0.0,2674
e5ff9fd2,0.8402159034462243,0.0,1814
e6c55748,0.9437849510855643,0.0,1259
e730c32b,0.8411043542831493,0.0,1841
e737965a,0.6484833472825647,-3.0,658
e748dd88,0.8371305321971927,-0.75,2231
e7818f7a,0.9274635400636234,0.0,1298
e7c36e81,0.7952336875279208,0.0,1886
e7d0c1de,0.8899855341386655,0.0,1526
e85074c5,0.7193959263796382,3.5,1186
e97032ad,0.7243659788319483,0.0,1908
e9949a23,0.8001247581786183,-2.5,1796
ea0b99b7,0.7041592560963066,0.0,1345
ea3a0e38,0.972425663960962,0.0,2977
ea41324e,0.8838708803231955,-0.5,1371
eabc711b,0.8075561999701174,-0.5,1830
eac10e86,0.8469232004435183,-0.5,1103
eafb863e,0.7811329613926464,0.0,1201
eb06a4e7,0.8629965130636624,0.5,1791
eb640a35,0.9614406271159587,-0.5,1460
eb934281,0.8822822119024027,0.0,1639
eba6605e,0.8799670821958856,0.0,1477
ebe69318,0.8196220122255101,0.0,1768
ec0d597b,0.9597851711726754,0.0,841
ec13af42,0.8542674860958025,-0.5,1098
ecdab904,0.6594644722279898,-11.5,828
ecdaf714,0.8095284554665009,0.0,1479
ed6436d6,0.8350913405210735,0.0,1937
ed6e6e54,0.7828598942654917,0.0,1601
edf885a3,0.8885071215569519,0.0,1519
ee0300f7,0.7591784245592511,0.5,1683
ee288beb,0.9271294072612528,0.0,1244
ee4aecac,0.7786279928019635,0.0,854
eeda36f5,0.6851140175912814,0.0,957
eeed308d,0.8427740810827098,0.0,912
ef04658e,0.9462721791504335,0.0,1609
ef8e3ed0,0.9050916848284218,0.0,990
efde6ac3,0.9419060147730199,0.0,1400
efe96181,0.9523227708594144,0.0,1810
f0188a48,0.9102668209809927,0.0,1230
f021b650,0.7945673725372572,0.0,705
f03f10fe,0.8808109907630384,0.0,1275
f053a1b9,0.7615979686453047,1.0,1620
f074d277,0.5953463237892487,-0.5,2243
f07d7037,0.9044721103468203,-0.5,1903
f08774c3,0.7792352156368919,-1.0,1693
f140c2fa,0.6089005516836486,-3.5,1808
f16e25e3,0.9111376186146691,0.0,1554
f2d4c8c9,0.8052133355246488,0.0,1163
f321a31c,0.8951112713571657,0.0,935
f40cd091,0.7791279507623587,0.0,1131
f439a621,0.9547225823343636,0.0,1440
f49fdea3,0.8395928669114531,0.0,646
f4d12d23,0.7866689449292064,0.0,1699
f56d3ace,0.9382973170195231,0.0,1703
f5859199,0.7109452179454201,-0.5,1593
f5d8aab6,0.959775713925191,0.0,1957
f631da6e,0.8419988153181222,-0.5,1188
f6824bb0,0.7504821248597465,4.0,1826
f6bc699b,0.93830077612006,0.25,2957
f6d009f4,0.885183397126642,0.0,1980
f72b268f,0.8110611110014836,0.5,1029
f8662c22,0.7923197308197253,1.5,1064
f88ddb26,0.8224464232878628,0.0,834
f8afa78a,0.738665726487658,0.5,968
f8f59188,0.898740734913034,0.5,1876
f9fc81aa,0.5374052250046913,-7.0,1119
fa16d114,0.8056176453885692,-0.5,637
fa31da94,0.8148490445205124,0.0,3117
fa667be2,0.6127412233558537,0.0,1021
fae0c593,0.9584899365876856,0.0,1640
fb03ae90,0.8102265361996993,0.5,1663
fb0904bd,0.9287472261904552,-0.25,3289
fb3848a1,0.7801705103882025,0.0,902
fb73b13a,0.855173601252911,0.0,1527
fba7683c,0.815924566594147,0.0,1757
fbd68d27,0.4901513435226249,18.5,1294
fc03f21f,0.9174938497995535,0.0,1766
fc0d20b2,0.8244653370993217,0.0,849
fcfcc902,0.9137008526869875,-1.5,1633
fd3b4faa,0.8906202982986899,0.5,1758
fd710aea,0.8489108705452143,-0.5,1476
fd8f77fa,0.8935350112142563,0.0,1732
fde20ecf,0.8380827525886076,0.5,1671
fdfd57da,0.9242325156927355,0.0,1964
febb4411,0.748171200045485,-0.5,1835
fef8af96,0.9203408909189338,0.0,1085
ff0aea78,0.8896650456490492,0.0,1536
ff8bb73a,0.9604965606647108,0.0,3335
ffefef30,0.7302747671871137,10.5,1548
