well,n_eval,floor,pfx2,pfx2_proj,gs,spread_mean,spread_p90,end_spread,lw_shift
00bbac68,5518,17.993766649551137,19.204965449172068,19.1489657968364,11.865562688374466,0.06640746405243768,0.042426972179436036,0.010312845517739068,0.9913616245693024
00e12e8b,4660,11.830344267752135,9.25209887613726,8.657705249340578,17.85693897426663,0.34190558149640815,0.869581168489927,0.11508391042694355,2.9550500417757792
01869cd4,5000,17.69410127076326,22.83183786235296,22.165121591142192,13.772953711232043,7.780380423374576e-08,2.921946495236663e-07,7.728218909362227e-08,1.662080737270472
0390d174,4454,8.330478427749775,3.6785118097384166,4.224254986569639,10.0,0.09954832808595405,0.2742130587982868,0.005107222312702991,0.16485946009352653
03a935ae,3234,48.998316174860534,1.4852462362273495,2.758217054970815,15.026922850702908,0.3122536801603607,0.9454014349722881,1.2195225676294232,6.655534397391099
05948241,3962,5.642278291258075,5.846907320056312,4.833238527105502,15.108687002622238,0.29119508929601917,0.6371634702974065,1.449992861887962,1.4794983559639077
059c8f24,5839,12.311801616095188,7.217759110619853,6.950051101403668,11.502326048461374,2.6562275673279785e-14,6.723511571462203e-14,9.134338492580832e-14,0.9305407364608113
0849b4e2,5428,14.265487027014489,1.9502569868115305,1.6679003890840443,10.0,0.0,0.0,0.0,3.0372589876785874
084d66f9,4111,10.854309121921627,9.544996665899994,8.997148777811338,13.859694273052748,2.215688016622084e-07,8.848483408045029e-07,1.0826007623545604e-06,4.781881773942873
08fecf00,5406,4.648073103319937,5.219611270184978,5.566932554481863,12.53452653507412,0.365830103753521,1.1059936193064934,0.039985721009061066,0.3018339777285284
0be01c24,4661,7.289870597158528,2.4088653345026616,2.2254362047739713,13.41360345830178,0.637962305553061,1.5453860345666324,0.1776636172195396,0.20004787048305006
11d0f5ac,4656,22.64062468638776,1.9911049639172698,2.2221386417519775,10.421719809975398,0.032871109949216805,0.08681108424124423,0.012088342933768354,0.044868646781217825
122bd617,4678,13.030496973181142,7.305014143608707,5.508627927576949,11.296010025189826,0.0752532949316031,0.19482750333673782,0.006054496571765744,9.86095187027737
125be846,5864,8.711523567766562,13.367535855419513,11.925228364560466,17.3978857331554,0.019607993392140838,0.07243921429123498,0.038867076957634396,1.0297076076681393
12f0cd90,5425,10.607722310972733,7.291218615450414,6.96172382580386,12.97795039430566,0.003541883587690294,0.005802861408277386,0.0003659898116336737,6.755813715395526
13ce113d,3559,12.89497233389787,1.895312907683476,1.3205960737189233,15.470214862174423,0.15588504763688119,0.5270754596450046,0.7644193464959093,4.146841170773241
14a53cb3,6409,7.305927578428582,3.670930495136647,3.735013605885763,18.93507214291738,0.030706332791537345,0.0457131432380451,0.014725096311313133,3.7416246712756593
14ad5efb,5367,6.585246286991164,4.570165229972946,4.135564524876706,11.38672176249352,1.1912341798269712e-13,2.9692478899899374e-13,2.988253909508767e-13,3.1465628132479284
177622d7,3430,8.18765042992682,4.30533408109466,3.0089888157354863,13.189060063671612,1.4170879156821803,4.75912058397133,3.956062112098222,4.586796909114385
1b1eba53,4898,73.7325723286036,65.26560124506364,64.52239842575565,14.41586578810449,0.02559392854859423,0.06498130674429935,0.006505556516776371,6.466805088524569
1b6ba517,6286,7.136542529669258,34.19642202038105,34.10180259376382,18.177440026271245,4.098420739993916e-09,8.964550020773936e-09,1.9485963592194321e-10,1.437988601091711
1beca81d,4854,7.820077891708282,4.515612357143144,3.7484023169527765,10.0,0.0003012306758606409,0.0008725994210677031,0.002668448123406932,5.295408094820481
1e30dedf,3996,11.076873960496878,1.4000062165496014,1.5253768044422475,10.0,0.019636707200542263,0.03551059500126798,0.019963842676033537,3.8475430801852237
203721ab,5282,11.594958938067354,13.26776595944938,11.988187351884326,10.0,0.0005941265346085757,0.001473809186465693,9.019416191808594e-05,4.084031051617243
20402d71,5789,6.808984340499405,4.543311860578713,4.043238676889725,16.780019548955206,0.26146513388179365,1.0260016355123691,0.016216727933726912,1.7371341705233598
206b6193,6255,35.05624572250446,35.78179340583675,35.813016725922175,11.536888173666805,0.04332990438024577,0.10315425434116131,0.07544172969653215,1.407366678420472
2075c696,4073,26.599934957156407,11.48724282935241,11.128761216735427,16.23499648667551,0.030350475162884732,0.048543847024976855,0.053618204366980254,3.2880507843200966
25939962,4432,10.808251377254997,20.933606971471125,20.42116110061327,14.360354555773261,0.17941416418793804,0.46205911365003893,0.0073572352237916945,0.18540951685441576
25fd32b3,3319,2.3098343728001254,1.0318076422492595,0.80290822383689,16.592262982194995,0.05689623497788985,0.13403107962468888,0.015179388717538092,0.048459073367405715
264feceb,5408,5.456041037398886,2.48820203098388,2.57304474184248,11.402942472409087,0.06899560142623054,0.17468120739291612,0.009496610609144807,0.173286923062069
26d3a96a,4719,9.030830047902123,7.386059804899895,6.966620168040354,11.891344226957452,0.8525376643384281,2.942265987785266,0.026203269798835527,0.6904152584563259
272abef3,4148,10.007297997521167,12.096589320512436,12.315507461616978,13.221085828137296,2.941168132921069e-15,8.75889339083318e-15,8.836886449463266e-16,5.313337531224023
283269ac,3334,4.7124055191434,27.53136240673004,27.294043557078044,16.11255751907312,0.34647513124220053,1.243581986113995,0.0029797481084232417,0.8462059397746803
28473855,4833,4.295641524375474,1.2673857940661648,1.2764070109511643,18.41271602153022,7.524876510461039e-07,3.293521832551852e-06,3.549105300495321e-06,0.6095186315836035
29b24409,5414,13.451148336069483,2.417468364552509,2.5007443770786617,14.077134083717292,1.968404305432907e-06,3.610756745796089e-06,6.894636381830153e-07,0.13671559101782013
29de15c8,3770,2.9827193990149574,5.324951160671899,5.1717726769614565,10.772463814111601,0.20394722221643227,0.9208234471609066,0.20769425377405562,2.1366816021042703
2ab29395,2427,11.54833265647666,8.455706523288754,8.629265207073344,20.643140369976013,0.0003725151142482939,0.0005373472253633906,0.006084428664497283,1.2769303684795426
2bff06cf,6697,18.436235347656716,15.854703731114812,15.845749280929857,11.653088740219594,0.0008836155415774709,0.0030586835789857287,0.004634329110936356,1.919030312834374
2c0c4a4e,4905,6.741521486058512,3.8893563846298402,3.707223992295183,11.859550123735506,0.00010465186422001114,0.00019293789900647401,0.00011796996931526223,6.815912651739787
2cee0cba,5355,7.232132009859061,4.163230351954992,4.0089985636828205,10.0,2.9476499508623245e-26,1.1909931402146838e-25,1.3952962366835876e-28,1.3438889647307692
2d179ded,6734,8.377628016807602,5.539892247345633,5.285502280555112,11.40677510746497,3.231795785257258,5.448225723759031,5.137228042030197,8.01751022945723
2d196986,6071,11.939553796899647,6.9056099258917785,6.726935803772101,14.850436866208286,2.8573778568772497e-06,4.5757458115071435e-06,6.583344394879201e-08,0.8049677114294466
2d35f86d,4838,11.328521182698816,21.11404730753684,20.526869701090476,24.544262106652898,0.004139449375921444,0.017817272479306437,7.955198988570475e-05,1.6379373386323943
2ddad940,4973,10.634350749607623,8.318558726192032,8.18817486955609,22.557819457330957,0.35757411415031903,0.7823450042805573,0.8827855322246906,0.5093864715075761
2e29e833,5295,5.041043083826082,6.092623343286755,5.649621976805814,12.01272334699621,1.4559852789822672,3.1927542380056124,0.026293797431181345,2.0989064944602025
2fa01aa6,2818,29.897015967035234,47.40784805878236,46.885216898252175,16.039801037266415,9.419474300058718e-37,1.2728748572700817e-36,1.945783212936842e-36,30.68811858599089
2fe023be,4424,16.09551258040674,10.389101580115856,10.286882669132865,13.082056231876296,5.015437042129321e-07,2.516068631628024e-06,1.6260720560419203e-06,1.9148279196334301
310c71a5,5101,8.837097652654156,8.064255572967955,7.633917328117221,10.0,0.03105559636939585,0.08778470399620812,0.1564828624064199,1.3855084168135723
32fe84c9,5959,21.617764495173315,6.840880410650952,6.023179908176398,11.69174433404062,3.9855315843176946e-35,9.732310139200699e-35,1.6627957867077716e-36,2.9785840277601414
368fe682,4684,17.52145958188367,14.161593767541822,14.473759401413957,22.532915132088256,0.002335052799239816,0.004239010694385458,0.0020451655674824263,2.2641629443835254
3690a146,4206,6.693932778550061,5.5213501054633936,4.671844634173487,10.0,7.887455997466015e-38,2.167381965573822e-37,2.2841818601735692e-39,7.930361992012039
373ef48b,3644,7.2329483207430805,5.145564466732949,4.613506066248401,11.666549507105819,8.79816889112869e-07,2.189438272878736e-06,1.5805211760334577e-07,2.8620605611630987
374be387,8615,7.394861244571331,8.303251793850952,7.957343155861593,10.0,0.4420905979525888,0.8571173439595786,0.9406980026047989,3.1881708516187452
37d36812,4392,21.757803090671036,20.966450232469438,21.143436873751117,13.701582837966589,0.029392198268714972,0.06583266342163756,0.11886550787215036,0.40105015063555394
398dce4b,3654,9.164611383262688,1.9986932241234754,1.9654311217355325,10.0,0.051742152380979754,0.06833470313588527,0.9941008616904924,0.1171776525765586
3a0af893,3343,17.480916179697722,17.554278248356272,17.394115325241856,19.53291886614857,0.011451005482081753,0.025518527049985713,0.01001121845090669,2.8380706582746704
3aaa2b30,4669,18.719911575024003,6.16473912199382,5.861097107935991,12.837279800408812,0.0002925397141476113,0.0005904111771282807,0.00048826616468966246,10.956309818974725
3ac16ad0,5411,10.402464612078335,3.333776487554448,3.5510604153934384,14.829015876196875,0.012583059702606024,0.013859167579933197,0.002166254372330979,0.07709073906564103
3b21ea64,6645,7.279944008747909,14.272273269825684,13.707811048084517,13.588024742068917,0.010739351684960728,0.020136912448365952,0.005191007408528819,0.1691561177473931
3c3dbcbc,5045,8.311710998494659,7.523031660351938,7.247642273963278,17.489426331920786,0.017157585635246945,0.03862259878571184,0.118140190209719,2.141592651284923
3df4b19e,4860,8.902699204599276,9.595918400524026,9.715834561480674,13.443232747340947,0.007746838514933725,0.021433866415399985,0.005545520073589979,11.365384712966769
3e011332,3535,42.95189264822946,14.395934150567527,14.451762285856645,10.753355282417301,1.495950010646481e-09,4.9676123344599025e-09,4.163130362835025e-09,1.537283691965881
41fb0192,3198,7.269835241617584,3.0683126976420807,2.9491266737059076,12.895207974959927,0.0928049112507643,0.20956772233308932,0.026489409128346394,0.07558016368434786
42669188,4438,22.92218011424274,7.4827217286436305,6.857109727094269,10.0,0.04135517082315126,0.10035518172691507,0.12398957530674365,8.275857214521801
445af6c2,5839,32.12524602360827,22.91295379123135,23.23293850077511,10.149376225402321,1.2636243824463091e-122,2.954180724368639e-122,2.8947060339216924e-122,2.634748198803369
4654e7de,5117,11.124594622323631,4.724747960397882,4.7864783584300366,10.0,0.4173075201927073,1.775997200075161,0.10778565836827356,9.261314141064053
466fc788,5670,23.22942212681335,15.288627985918717,14.308111818540691,10.802325023893564,1.7951057680011302e-05,2.5392449074499236e-05,1.8713329112601533e-05,21.223973295863747
46d24a09,4470,21.0644266403515,30.93095276914268,30.439589391028115,13.406204077547995,0.003436581662411406,0.006502509980313202,0.0006965963030503412,2.303470713837373
48c1f673,3406,26.202619345023756,24.863746478738193,24.858471567128973,10.0,0.020790455420436373,0.0378891044583155,0.022731238744545097,0.1485739635938227
49dbc14c,3795,5.961264115527164,16.403452951837785,16.308888458702953,19.581142239006855,1.6708218978500725e-18,1.9389869316175166e-18,1.7101449458956274e-18,13.707383934494384
4a8ecc0b,5383,13.478221773558168,4.101357157002725,3.5065428271951213,20.142228780049084,0.013280205367372795,0.0267202290349622,0.09450479949557575,0.6123530595950541
4b831d20,6886,10.117427907260263,5.518828080846785,5.991175576918761,14.763217190943266,2.1067284981826,6.591882117497782,10.695370653301874,1.5938057420883085
4c2208f5,5291,36.62219320280926,11.455087213927328,11.271716346764169,16.336741925485438,0.34873646875142683,1.5426902707602421,0.019601823508624182,9.729193036667368
4c3168cf,4350,4.142112354659639,3.4066326658564137,2.4860360042483336,12.838730584755139,0.0037122524631753025,0.009239253134209069,6.66601363906394e-05,2.613937233168637
4ddde4c1,4684,5.142727153024632,5.497176930893669,5.410527967019549,13.434949003881773,0.023546707771620816,0.04896256027381735,0.002363311260311715,3.236052509128208
4f69febf,5547,12.201745043165973,2.0715350952221048,2.0422005010110302,13.508327034803507,0.021340867462351695,0.05912781971161264,0.001095899233386606,2.7637738739759197
4fbe9c06,5795,13.616454296548438,28.056037937114827,27.6008698298297,13.516746036434126,0.05081903334134618,0.11313596046259683,0.009808665513414926,0.8045732782719346
511e1db0,4121,6.958461757220173,8.805670161035762,8.865044455212216,10.226890849994373,0.06531130761726141,0.22103756413690698,0.009450727319071274,2.1863385149473524
512943b2,4877,3.4970747522524728,2.4371598534651895,2.799003786482157,11.810194155628647,0.0010310081072799513,0.0026521371500343354,0.0012062063588405068,1.414229316932405
516088b7,6059,6.663493386819681,14.86835812045903,14.654013994470942,14.612539634110085,0.0216076541615031,0.06760555625009292,0.0024042993029320205,0.10548324682848374
521a7819,5274,20.326065478274092,6.343449042635718,5.687369342497319,11.82042147743975,0.00374851428676559,0.010428476477529256,0.012112649725945227,3.278175304306106
5305524b,4714,19.40543069816383,5.760737754788157,5.78225838575894,14.694691288468634,1.9787576451284595e-25,6.94426876020506e-25,1.939490871253362e-26,0.5837494631098066
5567d551,6125,14.947633214877834,10.329789072522571,10.34129884384105,11.864841241357228,0.007902988217478035,0.01181990241370407,0.00038949434463740194,1.7986216715725192
5663b2b7,5042,15.995051237233431,14.915111972119934,14.433837337586946,14.317155627161005,1.3088814265191135e-18,4.216665212053891e-18,3.753848334355113e-20,4.826002933126784
58850d2c,5050,14.64719088601917,9.554763769795317,9.752548092311583,20.809487848429402,0.25622947188090456,0.6617001095015161,0.1435533157574211,2.095556275277345
5a1a8fd8,4974,18.95607866345528,3.6187460623189573,3.424164880227437,17.458213624099393,7.64454715987884e-10,1.6562937815623955e-09,1.5912591449265604e-09,2.9002208203818602
5a5269a9,5879,7.273217586709342,6.6874692319607485,5.404412309443021,11.50060668843762,0.2760749183065305,0.6617684553176124,0.08675344313615334,1.3118679310687797
5a5d1982,3976,7.239033173200967,1.8549396899894133,1.9614972507199477,14.659956392857731,0.010066680760510026,0.030073581409194236,0.0007022175327677845,0.6365809849400549
5a63b5d1,5878,18.381222162110554,26.203986157736058,26.087486539085262,11.188778502437128,8.018432691685604e-24,1.730495904801106e-23,1.2224386989607006e-23,2.9512777792590192
5aa03df7,4929,6.559438408718735,13.110131420942956,12.51072694315532,11.377786603469028,0.0008345158843568631,0.0013693312340935604,0.009602391431120481,6.3343405109940605
5cb483ac,3800,6.326385618977432,4.678253733992958,4.07264242172029,12.350997163532838,0.06009465481988352,0.1329208217176397,0.015763539989018867,0.7061745311339196
5def1ce5,5838,14.429050638541339,7.172212737658895,7.493157294581917,10.482993679488418,0.0033186695244803725,0.007163933158447631,0.001573303493955308,4.22051821686513
5eae34a8,4856,7.33424079615688,2.0236717261164645,2.1843172397115014,10.0,0.17259597565664733,0.4766119725994318,0.07675471438556437,0.13637128650612895
5f4d2a52,5192,57.38681167110693,41.978894903360114,41.597515390712246,16.354938293712898,0.000941408658928841,0.0034923613795258325,8.97894745548238e-05,1.6309280099001942
5fb1c15f,3546,16.610545719608574,24.414551866493078,24.16372839572741,10.0,0.00017312124292959057,0.0003067396095706792,0.00013328023621859937,2.6372625906109213
61f27424,6089,2.8714226939053664,11.39519752954702,11.121783973694228,10.826693061909161,0.08215902388914416,0.2023446638641884,0.010874269319915928,0.4910527791179727
62569ae3,3827,9.764152402808996,5.984813153577586,5.822728297687416,12.072005117069667,0.4990761360489018,1.6158864411954625,2.1154146012165644,1.432427563086348
65a5466a,4465,11.723424263472127,14.301065184977347,14.530838307829791,10.66071047194875,0.033641463124065255,0.11352192039399778,0.00044413784126231425,8.068292158656144
67847288,6697,7.48177654935517,3.29288364536144,2.7718464666105507,15.33998093917831,1.5455558638594688e-17,2.5496026002811174e-17,2.7587915857844787e-17,8.870260904649774
69c1bdad,3391,19.871524318427223,23.296385498630045,22.809498993317266,15.398184077692648,0.012193723193452723,0.031243405334182697,0.028373334965212493,2.7544821151452337
6a8fa194,3400,15.103545562510547,3.4486558854598885,2.7032294202288205,17.62328124798607,0.35342659326464937,0.8334167554848889,2.11974686761332,0.0858233254905864
6d1d74e1,5341,19.876009915357873,24.203520991217026,23.476764750670398,13.541689660754292,0.04403752018727019,0.09638031896204748,0.011560476667007075,0.31224041158856075
6dbe4b60,4871,6.574970311148653,11.554364942827,11.655602975690185,12.429973175847259,0.14529316475448373,0.5345080945906128,0.05463536863028036,0.6929591968131903
6e6d122c,5171,9.480352639690404,10.70683329669568,9.520477454080954,14.972939172468568,1.232351673710771,5.383927986236446,0.11832385259845697,2.642956451284406
6ea22614,5763,6.916729390574272,16.252911754761442,16.38978009820918,10.0,2.609826257356527e-24,9.227226355664492e-24,3.4474505759490855e-25,3.4273485365355074
70925e23,5893,12.835267608693682,29.1854268128225,29.033606883790657,20.938948240494895,0.0024758501702981475,0.010289816917319266,0.03237558539405397,11.742012908688153
722cf0d8,5311,10.991754779435219,9.84966957952834,9.679044072576376,13.320558397439772,7.8163952629137e-123,1.4557808243916949e-122,4.49966943202105e-123,13.142577254704536
726f3dc2,6292,12.664792363992015,11.763035848331556,11.211375055542709,13.057145179237429,0.11106034732519868,0.39354916520366345,0.004632681555888355,4.951528978648592
729665c0,4216,10.319993627771376,2.481584446752153,2.207062224198512,17.14165858407285,0.06124930119882751,0.15903605155985162,0.0588804853537611,1.4240260101953222
73348914,4151,11.495949115283889,10.338094458812307,10.254116142112446,12.245039724536865,0.0007618732178489625,0.0016108189955619503,0.00028491843378407593,0.06042074832819165
73b1447d,5491,15.640405251014172,16.425210730685123,15.252011248576238,15.296558060518084,7.21218817963219e-05,0.0002475076840301244,4.4808997468513996e-07,4.12197219175857
74b6186b,3758,16.950080767522163,12.787924767150662,12.96821825542903,14.606883688784501,0.08420713420664001,0.21584677929271243,0.007997789798812967,0.10354016846358699
75cd5f11,4679,5.926898307887309,5.091485364817481,4.346026254685296,11.950903340270655,3.0222219037378878e-05,4.802410554148318e-05,0.0001326588653069668,2.3567181206661387
76201745,4276,8.126114520954866,3.5045493263293515,2.1079091706269413,10.0,0.23758026548627814,0.669079770569839,0.528739256413943,1.043758484135816
77e4821c,4774,17.848873116623373,15.428629473120779,15.303994863479458,20.214496714914606,2.1799811057381648e-07,5.831166677054078e-07,4.5605520576866194e-09,5.811592507027328
7850c72e,5630,13.217017535064668,31.823284855126953,32.1390935445212,15.893483943087004,3.498823706538782e-06,5.293217597371391e-06,3.444595548811326e-07,0.9668654649848414
79507629,5344,12.66620421255705,5.623889204426142,5.686962094024725,12.410169617334343,0.23649110478931476,0.7472256349177326,0.014069541435088609,0.2619928192603632
7acda2df,3323,11.697705483216415,13.753975521567549,13.730613214317195,22.635399288548367,0.005299732117179594,0.008149463592753781,0.0080770833191147,2.463134395537345
7b2c7b3c,3089,4.379054416024628,2.235651284694745,1.8896839111443653,12.155028967255744,0.04395355302115409,0.06933046201500936,0.2078736110088827,0.08368122908998128
7c607683,5111,9.737369882897223,6.004587365498363,6.246952449691853,11.177916657180097,0.2751117976469644,0.795968455649467,4.4121150449389095,1.2662991558288006
7d50373e,4741,6.289112098303761,2.1433779988757817,2.1079914336669567,12.953016691104652,0.10491212451443548,0.25576115136840577,0.1131467799460952,0.19600232120272407
7d57c75d,4487,13.9410964746678,12.253080621530387,12.542252730012796,19.378776786539067,0.1369687843445887,0.3651737723222432,0.5545304752535669,0.7047760115455598
7e721392,6060,39.69141852597312,31.36844783213967,31.348603247268517,11.396952050746583,1.432833078047679e-39,5.339503633053435e-39,3.141260494325511e-41,1.0311711959049388
807f0298,4014,8.71834189088483,15.075861326202311,14.501055448999633,13.896449845463392,0.0013575961751305609,0.002897286952968044,0.00045981570374676884,7.772660103955333
81bf5923,4662,33.38954772814953,37.03460771603915,37.47539798491621,19.649512045196342,0.05727103043503608,0.15059767675492747,0.16213239482739714,4.4633746846110265
82fcf37c,5400,4.711401859476765,1.9816785222401954,2.046322294548455,13.491637927640962,0.00242803188298371,0.006620430640273616,8.987240873484402e-05,2.189617532876064
8478df29,4890,14.969073569790647,4.241760818187217,4.360629286617473,11.583179293165626,0.0005106150152264364,0.0006101939508980614,0.0005756309566545646,6.915616395834023
87aa3730,5324,7.729239710759898,3.7918906509588717,4.56934393279913,12.933939566120477,0.0021642674223133975,0.011601577550654892,0.0002122082283243403,0.7234420546134525
8995c945,5985,12.814088818456284,19.678451618928463,18.945124436030035,17.97369752649387,7.792734371956971e-09,2.6317029937120393e-08,4.01465913807812e-10,1.1157524150719276
89969c7a,4611,9.115629658844709,7.4090082421077685,7.769043948832033,11.815362563822934,0.045988682157027526,0.08686122754210805,0.0029311881717611317,1.4028525759582133
8ac2f237,4946,19.92401262684949,9.750053750117392,9.656605292647315,15.409160746464504,0.13127899368258963,0.3969128094803096,0.04210671415457777,1.0869217814649952
8bb9c1e6,4659,6.448780734028007,3.1664072336312783,2.9842372251009004,10.93519263268585,0.0009205025876785633,0.0011357249138617433,0.0011080192273357876,5.828298446657275
8c167025,5192,10.971324186743685,21.35458693773843,20.640201776496795,12.606434515862802,7.051031558598616e-05,0.00014122169422107946,3.5428981159767555e-05,14.272017463373247
8cc21f01,4238,6.078785676405249,11.606686584238295,11.515770702825517,13.692661897954343,0.43684370193102295,1.3697043459886176,0.23529032672161387,2.1967751137502938
8d5d46d7,5316,8.434430719233761,8.953199649136955,8.653482264227414,10.614919106527442,0.00029451115683113164,0.000777863896807391,0.0005517708607799509,0.5084152652932555
8d92cb49,3532,7.787321995515168,3.0224837054981077,2.911984451347943,14.27357390324215,5.3442489612241755e-05,0.00010140173686953846,1.6662470163542038e-05,0.2375644178481293
8f201368,5950,18.68167655055425,2.9395858166216278,2.858465898462429,14.403793197900248,1.204218789433257e-22,3.2255531166644884e-22,2.0990588754122424e-24,3.283742863604549
91abc4c7,5685,10.939608981193738,2.2083233744337925,2.6886968370039375,12.805658583707745,1.0435918976455294,5.749948911377804,0.7755526297988488,2.012919811142767
9298ad5b,4239,12.689831416255236,8.914608791701442,7.93097410203301,21.338412128594534,2.1750957247344687e-27,6.160776753100464e-27,5.68426181281137e-27,8.667280515287855
93f5d2e6,3775,19.59501716969914,7.616403624713167,7.776861357906834,10.0,0.0001206620665340746,8.256708885671727e-05,7.12838455876016e-07,3.134014327712412
95c8427f,5877,16.081296888956704,1.163987183276438,1.2264485695680538,15.142734159223167,0.008784845399074995,0.015872185986160355,0.025713264554933196,2.161085866867585
96936c22,3648,8.096357271580576,3.7582698144494784,3.052173613021742,11.5702041330354,0.102012560910215,0.3185277964441837,0.4715167800201673,6.635441166335218
96ae5806,8415,6.912864611437138,2.3501739578018324,2.3924684010965573,10.0,0.0001978464114440586,0.0006175248004605152,2.971112508215731e-05,0.23733886683798777
992c99e8,4920,13.799738348821819,15.616908251096051,15.425570927849389,13.979189185635091,2.9620630849001816e-14,5.465112313360201e-14,3.640988838867204e-14,8.532824482151149
995ff498,4473,8.494539931739004,11.638983275265431,11.393576564503881,10.0,1.566905552689731e-20,6.313038600542645e-20,2.052947675057543e-22,0.8279817926246794
999daf80,3970,4.525442970649942,6.798130607019392,6.327815256061866,19.420194639767757,0.19624294998319283,0.6257581113171272,0.0346001681083993,0.07819941786500582
9a6b0392,4235,7.446815916640801,9.945490128223332,9.753662907551357,10.0,0.10962038224375667,0.3460306121118057,0.2680335529533179,0.7891860491788992
9ad5410a,4197,8.513042951020218,6.900013882973282,6.553919724437463,18.610490421835824,0.005942838471201681,0.005635478582503364,0.0002954185287582742,1.270959614761976
9d4272e3,4213,16.170932715659895,15.329904859448765,15.799071681061948,15.254329033461774,0.7007379695329407,2.5127265825388094,0.14465156318255273,2.9838962408897007
9d5e14d4,4792,17.06587659783711,12.2132536635457,11.662620064370957,10.0,0.058704420641655944,0.13489757250125473,0.0024627028136671174,0.14949100988401096
9da441ba,5317,12.599654522074413,20.042523396672816,19.823004180202336,12.582789608696338,0.00209320372136462,0.005539632872077828,0.0012476069216864547,0.4114096485854542
9def2eb2,5658,7.965359224709269,22.732008542278408,22.394148353576167,12.536293718844101,4.408260363549441e-35,1.6522542760300522e-34,4.49515981662472e-37,6.536080216862056
9e3e364d,4241,4.40610991669207,4.752574255200066,4.725725026956927,13.703217190381844,0.10161089683002117,0.2443382693376428,0.3396999893548287,0.1934983470480594
9ffce529,4873,9.670712888372892,2.6704906320938466,2.586682463116012,18.85086594887055,0.10150560562269,0.2690560666633339,0.07129325811270695,2.849791215708463
a056d01e,6053,8.943974376497733,12.013358607855155,12.648811370261896,11.651181034097194,6.072968250116887e-56,1.8405494328658487e-55,1.0495496777959563e-58,5.288084189100093
a15bc102,3741,7.751404029030854,5.308491421192187,5.302357207624436,13.948821111702062,0.09168726911762812,0.25308544780239944,0.4544316601737057,0.12735603792528102
a3f71395,5139,11.813877992119545,5.484228480043425,6.046561559440191,11.299719409915756,3.071507068928251e-05,7.398089936991604e-05,3.053016724214264e-05,6.535533957027308
a612d5a0,5227,15.456307856472803,6.046791785321855,6.619151690473059,15.670321379269271,5.311687505291052e-10,1.6526716735760693e-09,5.750411372793464e-12,4.202082923657706
a6ed2eff,5149,8.757111011105414,8.280941955999934,8.164018326930856,11.748674908299265,0.27892934575377926,0.7426035905407923,1.1086808407200013,0.29034658202085956
a85bb86f,3723,5.047310530755505,36.96656976206961,36.687757927083005,21.89666233527511,0.0020275591157852034,0.00451799432364759,0.00042678666994725855,8.744624673012847
a8ed028a,5336,16.864392265932707,14.846110785407115,15.035411336159193,10.70114392976351,9.752091413994125e-14,1.7134272145111266e-13,2.2164948671314764e-14,1.4525841289714219
a9c9b150,4253,1.4616781564875685,1.7873998106991065,1.810199177158775,18.788527182105806,0.15350570759966792,0.37386500218721563,0.3190655151620554,1.9854236710667228
aaaf3c03,3451,14.738097863340325,16.40776146053113,15.247594935605958,15.795160945146433,0.38509651478767615,1.383011376820953,0.2653317436452437,2.25762671469744
ab112491,5240,28.634182848556925,28.29610707876587,28.860623432488907,14.727430411840237,0.0444593329446358,0.136120264378534,0.027061307353571252,0.8210632139526998
abf460d2,3477,5.913629154634388,21.505368922804276,21.386725035468547,11.676025135988345,0.05363689050063365,0.11758463793771945,0.0408893393297943,0.22655724500044963
ad2133a8,5247,19.600076282509242,14.766996582931013,14.506942711799505,19.369596459282665,8.427200159284722e-20,4.910533501887526e-19,4.964062732257717e-19,0.8929367057597061
add9c322,4029,12.857051576064004,31.656435897518907,31.03193210666234,12.02014968937478,0.8638287954779689,1.616799113425512,1.4210666588407965,5.769738642955065
ae0784a8,6695,7.378880097019108,8.665002392538304,8.207222797864278,10.0,0.0,0.0,0.0,8.816487469998442
ae35f33a,4722,5.914339894811472,14.639866388477051,14.737069849344586,15.169250876032283,0.007791091782552143,0.01615495004173802,0.0023790344846514335,1.1068241425874459
ae8959c3,4851,18.629817442991836,15.33038987181861,15.095408822456564,10.0,0.005848390585891283,0.00707194336823479,0.0007132040313570948,0.08750347270924852
aff4e561,5638,8.781855290990194,9.19124849593907,9.343596404201048,14.599331062840921,8.413908382447339e-36,2.21533684988223e-35,1.402431793649256e-35,6.020348730314882
b0f53bf4,3067,9.753236473859083,8.777397069514672,8.333329420665775,13.921139892242376,0.2689436749025122,0.7703362236901421,0.7872663871612838,0.18627103790166305
b19b0395,5253,8.503780801013155,8.382182899469537,7.6607630724278675,10.444025639088233,0.15599308654557756,0.33430575480619057,1.139894283408302,1.002292362238536
b32902c0,4188,6.630233558418023,9.056155886895661,9.047503168473003,13.12972835363535,0.16169885320020194,0.23829256520000366,0.02132316243529912,0.14929797308042514
b37fd114,7144,31.29121971104792,16.603036656917695,16.24306842076811,13.827974577960452,2.3981715686346954e-05,7.943479890261702e-05,5.651135889134639e-06,0.5569277903387441
b38e3116,5806,5.802794820595595,4.504043649941557,3.1201624511775186,11.003966012393022,1.1850988750937575e-14,4.4672999362434945e-14,4.5456754738447525e-14,6.610172230634391
b4f37e6e,3284,18.19759745840661,7.40005378447805,7.249831466065785,18.094230432356554,0.036936276996626737,0.11685584121921852,0.0015560329668502465,0.6639013028376066
b7fea9ef,4070,16.788776902357455,2.4569359699327036,2.2402568466825787,10.0,0.00910432433709869,0.019980459082453557,0.03773614548735277,0.44625028204306927
b8c49c1a,4565,8.013146086781887,25.938313931263153,25.8885540538949,14.120981572367947,0.009387368162778777,0.02548990438452815,0.007767642866060472,1.5053947315230924
ba48188d,4040,52.532586404832465,31.93814559958736,32.067962399942814,13.901203509155147,4.51181642269417e-62,1.613843043561377e-61,3.8888370199065935e-64,1.458255863952301
bd4ae5da,5041,13.766865975592872,13.6992678020162,13.329792867544922,17.53429605799772,1.2335653611876336e-12,3.818253757335848e-12,3.58371969294975e-12,1.8820605803632466
bd6f0e19,5095,10.347290431499806,3.623586039957872,2.510516201217049,13.117002601497322,0.17999156049628554,0.42127573248597794,0.3402178619163302,1.9782119851437237
beda8696,5744,9.526086544889443,8.008663395833365,7.86638666672701,14.428504728062777,0.003282711970416444,0.0069758944919392375,0.002348006024880591,1.2895957934243014
bf39bc20,3684,8.00236119301105,9.054796096998132,8.480237043922031,21.60994776570552,0.07692157598084967,0.21262463622086591,0.004654222170057489,1.07450152132765
bffe3082,5246,17.0167492016855,10.945372571468262,10.636966119966916,16.789662780615142,2.604615135071649e-31,6.364554746269606e-31,2.3338940241587894e-31,2.6445581730748926
c03fba65,4138,36.55042786830596,33.84181937830567,34.04426339984691,12.37497564824791,0.11199171166300116,0.24940358459982737,0.03129144742894369,0.06617348791227116
c1708b88,5811,19.948524581763092,45.6189668749994,45.33107263924616,12.650745527907695,9.314115167053008e-13,2.0973214752478244e-12,2.4585334261963297e-13,0.08357792605774056
c2717d4f,4878,7.513169446322727,1.9967969985607101,1.0559370632988168,13.409885458995443,0.25547280544735057,0.5245494346033299,0.017942743599413728,0.06793909218869558
c2c4db09,5731,8.842950831607585,9.62022410983937,9.696089434203378,12.619639291162615,0.0141019966966039,0.05362136519683389,0.05033418725077133,1.1215038475827552
c2c6fc71,6453,7.650917744747253,3.6294881950847593,2.398920678824274,11.164486294316612,0.27881364285541277,0.7486540372436404,0.31876645460653485,5.4500969351674176
c36625df,4662,8.277319159152386,5.6978983327542725,5.6196998358286585,21.44401724372025,0.00010685178568335552,8.117012521582894e-05,0.0018539486763250392,0.7757660853785528
c593337f,5196,23.997415949387225,18.10051039594597,18.099418940765368,13.274300419242145,2.2336450650448457e-06,3.0384212616173663e-06,1.6456142416414635e-07,0.5654648081636852
c84c65be,7477,16.79513827113672,12.78487139130476,11.993883943052507,10.0,0.002523083129757864,0.009011902963509587,9.010296058631351e-05,5.251178377875104
cc08aa63,3663,17.56008631202659,12.249242674224606,12.075183037886417,21.572631687717575,0.22122994991487044,0.5026058371333155,0.4184176911395111,0.47228052626606426
cd7f1687,4366,11.614075913392693,6.1871192340467145,5.382735161734491,14.574107098835652,0.41194390092506566,1.0828588544669273,3.1660548777980573,1.0842242963065194
cda7eb37,5563,10.134574103157094,3.9062559836738706,1.773896322283291,13.951896750165316,0.6885429169512729,1.9343419003531541,0.19778798777122464,6.666996679615143
cdc31d65,4824,7.457046384145097,6.947899599879321,6.620520598410087,17.487862049182613,0.40062370937765684,1.2989486293784374,0.13785896860036875,3.735113923639115
cf50c9d1,4843,31.333171588797278,26.862502533616393,26.99229246491637,11.777494306660312,0.0002120607774451429,0.00010225626304217934,2.000870999978531e-05,0.15944521915595106
d00e7eb9,5344,8.137899666638072,12.619888701185113,12.496314631415833,11.857465777153864,0.02105259414201014,0.03809409128588795,0.003842567732627834,0.016740304252002673
d0cb63ae,5007,21.3888852804688,10.337932366195291,10.273020943579013,15.155745702776143,2.936552811360957e-07,1.3637519178129514e-06,5.273476843415754e-08,3.994353581685323
d1ecf309,5741,14.968741671985077,4.762270264917037,3.9995982796046787,21.239891124471672,0.12278418077520346,0.4166381540050233,0.004728544319350059,0.2447069334358874
d1ee630d,5752,4.865452515594003,6.6096491324732,5.888333750266901,12.328495104603808,8.423154533492015e-12,2.0781591125367014e-11,4.3604329842583113e-13,4.604660693867668
d217e0c5,4170,5.580896221745427,5.484095357139823,5.637441526969785,15.168724900355489,0.002612817683103849,0.007359991049886091,0.0004706145791127806,0.5075181757984618
d273674e,4189,3.21441171650708,5.3567336212955485,4.612098566478497,12.430241193910089,0.878477327794446,1.8538936480517856,2.755905159774941,2.5404801692547183
d40f61d5,4292,4.434235372241913,2.169029672702335,2.3251352453604035,14.688639613239191,0.02146939232584443,0.05561846857541146,0.016539718763729772,0.015301528426789446
d463e527,5103,8.42072025831655,15.747349503581596,15.928210556852836,15.472353969577398,3.379849570340102e-07,1.1718392279402572e-06,8.223144125114746e-07,9.472680461369087
d7eb0be8,5262,30.69696954959469,23.660714319123887,23.356007510101183,13.136111224044313,1.3860211453317929e-08,6.687787442552763e-08,2.9225636033581484e-11,6.861378287848207
da3bfe4e,5188,29.062182655434494,5.038009888410032,5.055357309621497,17.21315693548724,0.14762208399813745,0.676610963750079,0.04358877437949827,0.23169022446528592
da3cf798,5541,9.755499439783621,13.7266931326399,13.603359697049065,10.0,2.1172709342454298e-19,1.1305430542814737e-19,6.142318816017298e-18,0.2570678125364365
dafc88c3,5247,7.624023873446882,4.411915955658748,4.410454160982186,10.0,0.03366395206741574,0.131921318977368,0.0049739521391194905,1.2315277825642157
dbee6c86,6653,4.031780558471351,5.879929950975139,5.707677567808474,10.0,0.068234891905963,0.18384364927398247,0.027580013660039704,0.15754789539578257
dc7da28f,4871,12.171725412932668,27.99220048526749,27.409557845828264,10.0,3.933980149567034e-13,1.2118804685968687e-12,1.6079506037332868e-14,0.924218396851685
dc7f9757,4528,16.439618950741146,7.42084256742536,7.2384156168474645,20.831721328330485,0.17393739168148245,0.5233989845381543,1.4364722446496823,0.04432300602564985
dd6bc5b2,4208,7.888023221153072,10.032371627963032,10.260607321406958,15.673050639395493,0.19055055850615413,0.7185066252883252,0.7356732327658623,0.0982699814261946
ddc790ff,4722,5.755611145388804,1.4878373226669586,1.8303998662032688,14.733400143546415,0.20747267021130142,0.5085745322672618,0.029825150346615762,0.17301075484856432
e0079ed1,3838,11.96612619578275,9.776571045174647,9.704328694039354,13.244902195269248,0.08682053446255873,0.23347735049149673,0.00779430665961843,1.8015050828385752
e161bd0c,3513,20.25887401473816,4.010847591234905,3.383929836620109,17.04122307089041,0.3048373114562784,0.8372101302868332,0.6826932274977794,16.39893635931871
e25f1537,3663,12.19237701834071,1.7700124810312134,1.0283815683664361,10.0,0.11255136656495925,0.24439450225822615,0.02042423041393371,7.029758687055288
e5c92e59,4327,7.552159559032677,6.823132268455976,5.870773275375833,11.591374381918488,0.026397947241997618,0.0461524550364705,0.016348627988747463,2.3351776009506597
e5ff9fd2,3065,10.152297614409637,24.25365895041582,23.424332024251136,13.815636137242118,0.10534778337579137,0.3969767239204424,0.24551101889291113,1.9016035152875055
e730c32b,4722,11.599582042376761,6.217773423622659,5.866096694425718,15.702895987292836,6.261228903619107e-06,8.528631107453187e-06,8.532206479460783e-06,16.70139384049998
e7c36e81,4128,11.016871230979325,17.29242936320968,16.750224630976984,19.232338905778168,4.424943011028032e-22,8.325335257149452e-22,8.239450601756497e-22,8.468705704678529
e85074c5,5282,4.067996005336134,4.959863188243904,4.446120327096082,11.774833753941998,0.02086140633070164,0.04442486332505497,0.09944731567203245,3.2774358133155945
e97032ad,4127,24.862795075530304,22.915797153754056,23.001716156853718,22.610683861992403,0.43075362881683843,1.0979453798080239,0.9931946777061914,1.5793137898740954
ea41324e,4992,5.20548950951337,2.9866318616318916,2.6578127001427823,13.166259525011926,0.0953378591484598,0.25916128106929326,0.305990528656975,0.09898238579345658
eac10e86,5476,3.55352335982288,2.4642516295547465,2.93803422734269,11.504691268632627,0.02157637269214031,0.036737817508250475,1.078697661327704,0.8769384726364916
eafb863e,3881,20.354787855998943,29.13017495198413,29.11906605883711,22.654356065887065,0.016303627066218556,0.019333764043419195,0.36104323105153796,2.0368267185439572
eb640a35,5681,11.33879230711879,12.289446296626924,11.806570077111838,10.0,0.007421688083168237,0.018054898946113968,0.0015510594420109324,1.9797777501349052
eb934281,5703,2.952348090845212,2.868049471040701,2.5469903832900394,10.067665026181027,0.059255432309671806,0.1431302064923013,0.012486125550814907,0.7851244049310099
edf885a3,3550,13.720190134395336,3.9394389816124127,3.8768366892406214,12.793412127730159,0.13463490439461112,0.34151073009052335,0.004228812640178504,0.07523163014695149
ee4aecac,4815,5.891376712098412,5.2367560964651085,4.5391807704310345,13.945221207832919,0.0,0.0,0.0,4.8970381985943625
ef8e3ed0,4845,13.680411756247144,11.23816267667671,10.81960676131404,10.0,0.04474254320381832,0.11919445041907421,0.24303913240969927,0.0597885131621721
efde6ac3,4541,9.648685018910296,12.90879878424457,12.8715434958678,10.398295893848777,1.4406796697436701e-10,5.510001874741837e-10,4.1015624716628824e-10,3.5717343130990606
f021b650,4095,6.319441050382289,11.52141866370277,11.536166157731522,20.77223779316236,0.10020115102524992,0.17252520753989187,0.024746840782716058,8.064202446326659
f074d277,2824,13.563199594885882,11.908567750861,11.96601630578344,22.561390096171387,0.030332795362833443,0.06075043416714691,0.01798876040320654,0.04681702400971349
f08774c3,4121,11.409111315712252,8.62442421935755,8.121823110516624,19.94417578582615,0.18653495314061957,0.5850337243914734,0.42511157171342806,0.26230306684131727
f140c2fa,4398,6.981885300624434,2.866870936057315,1.1465704614410352,21.81118000404753,0.20011055948213832,0.6001570484085168,0.07898641991174539,0.3233484811026562
f16e25e3,4807,2.8513349768846514,4.8694036606996,4.319156413588362,15.703229019391642,0.002208582820796724,0.0054109646491506715,0.007285236197385408,2.5259065458056664
f439a621,3427,14.742267834316419,2.4949311652928907,2.4202531987090072,10.0,0.1865267332559658,0.6288962585237924,0.05518262874750728,0.19506758061446208
f49fdea3,5130,4.07689729328141,4.534204053541343,4.758506229024147,11.340335015446044,0.03745913792383122,0.06225119549167236,0.1589545415837846,1.4644086116738169
f5d8aab6,4800,20.787351719254595,17.757724682079083,17.710005113613455,14.867878119372202,0.032169398509261836,0.0250292328704223,0.0027766568323651063,0.40543405396115495
f8662c22,5079,7.802458067812785,24.39137964504833,24.104809746646595,13.038138427150095,0.012171299475263488,0.018503889411532193,0.01647632775811671,10.285205007619751
f8afa78a,5378,4.971368971006866,12.302588896368034,12.750917030914124,14.241255130868236,0.07074974371349628,0.10346616401916069,0.006779588540556616,6.728192065802184
fa667be2,6423,6.60018693680875,6.671651583925054,6.54352528036655,13.143270248510483,0.054035822569818086,0.17050386808411966,0.479092603571903,0.8419894608143806
fba7683c,1502,243.09832489217052,14.727138594512404,14.12790441687849,17.274594528230903,1.9673796581056363e-20,5.544182905588828e-20,8.162342275985408e-20,21.781563971992657
fbd68d27,6243,12.22696776660745,34.12505575178219,34.48872558094444,13.670664310227497,0.9242921846482185,2.811205847573459,1.6257029826547333,0.7302440109156455
fd3b4faa,5078,7.387899442501623,8.998111322413056,8.971561261302456,13.064045895601271,0.03771405980347371,0.10101095027206032,0.2617697351849884,0.8207386225399701
fd8f77fa,4932,14.510456878402273,14.957631016261848,14.79286466701049,12.391611793584179,0.008030835061970549,0.01773513697929568,0.0023130187612247824,2.9741905753659568
fde20ecf,4662,16.3278060467511,26.571929168198814,26.57443202437356,12.283598176601313,0.06782880537579355,0.2219802312766122,0.013090992218403479,7.649404421712988
ffefef30,4687,6.5147591279003425,5.335912400029922,5.832166384130194,13.320501264586362,0.03249959867919856,0.08289995195484078,0.010809440568726758,0.7724052185191412
