well,n_eval,floor,pfx,pfx_proj
00bbac68,5518,17.993766649551137,22.66939794548521,22.5267611791038
00e12e8b,4660,11.830344267752135,8.982830727043085,8.430849604342002
01869cd4,5000,17.69410127076326,13.7281908294492,13.213685524752794
0390d174,4454,8.330478427749775,3.9449254733289427,4.340293961507352
03a935ae,3234,48.998316174860534,2.003703528722949,3.0215854692159416
05948241,3962,5.642278291258075,1.572479379354994,1.4194782180015653
059c8f24,5839,12.311801616095188,6.535485456898821,6.655310002174051
0849b4e2,5428,14.265487027014489,1.5015755476046424,1.538944266997795
084d66f9,4111,10.854309121921627,9.056573754745054,8.429665388254524
08fecf00,5406,4.648073103319937,5.418078879043486,5.690244717861029
0be01c24,4661,7.289870597158528,2.441901342849785,2.1293472460771348
11d0f5ac,4656,22.64062468638776,1.9687761041212335,2.2139153049457234
122bd617,4678,13.030496973181142,6.345992652322506,5.8577235562219
125be846,5864,8.711523567766562,23.48990006863233,23.400150149382373
12f0cd90,5425,10.607722310972733,15.27436115317852,14.912691666169746
13ce113d,3559,12.89497233389787,22.11856311525179,22.152180949688482
14a53cb3,6409,7.305927578428582,4.872021007978961,5.4382871636657155
14ad5efb,5367,6.585246286991164,6.272397881671035,5.443137162534164
177622d7,3430,8.18765042992682,7.033272133248915,6.952984209318296
1b1eba53,4898,73.7325723286036,51.19913598049653,51.07488209332884
1b6ba517,6286,7.136542529669258,34.83723601621909,34.63399417887239
1beca81d,4854,7.820077891708282,5.207765360689229,5.021877947864547
1e30dedf,3996,11.076873960496878,1.3911965609834314,1.5244841025594627
203721ab,5282,11.594958938067354,13.312412973748524,11.802961243431122
20402d71,5789,6.808984340499405,4.592166305055887,4.166759582900328
206b6193,6255,35.05624572250446,29.00968741797651,28.922943401001824
2075c696,4073,26.599934957156407,11.282964290517391,11.069741091033809
25939962,4432,10.808251377254997,5.7585286339778845,5.660035306943152
25fd32b3,3319,2.3098343728001254,1.129871865640163,0.7758372027167586
264feceb,5408,5.456041037398886,2.4583850875889772,2.525908942820673
26d3a96a,4719,9.030830047902123,8.09158056683772,7.88592530143895
272abef3,4148,10.007297997521167,5.765790268895216,5.717051371921728
283269ac,3334,4.7124055191434,28.638954243596014,28.365789181363088
28473855,4833,4.295641524375474,1.7274655793983218,1.6957984223923124
29b24409,5414,13.451148336069483,2.5148618137073178,2.6411304734385572
29de15c8,3770,2.9827193990149574,10.175277704595006,9.857916668556161
2ab29395,2427,11.54833265647666,31.215394149073333,31.176357935086237
2bff06cf,6697,18.436235347656716,13.98918799524319,14.053210292363714
2c0c4a4e,4905,6.741521486058512,0.815964662208152,1.0064294898767252
2cee0cba,5355,7.232132009859061,6.026910146814887,5.98544063011602
2d179ded,6734,8.377628016807602,23.54772217835521,23.255177605473772
2d196986,6071,11.939553796899647,1.9482317426974485,2.4609842458091618
2d35f86d,4838,11.328521182698816,21.808045534657133,21.40734405125163
2ddad940,4973,10.634350749607623,8.411382763185753,8.280085350394456
2e29e833,5295,5.041043083826082,5.7632529761968305,5.221267162779461
2fa01aa6,2818,29.897015967035234,3.533392312408729,2.625409298639463
2fe023be,4424,16.09551258040674,1.5250230258735358,1.4173907383364568
310c71a5,5101,8.837097652654156,9.870990318689659,9.874627140004508
32fe84c9,5959,21.617764495173315,9.56877327544054,7.920098219150104
368fe682,4684,17.52145958188367,16.399107858960992,16.583885283591783
3690a146,4206,6.693932778550061,5.761267712399389,4.739618423422373
373ef48b,3644,7.2329483207430805,2.6583613904693766,2.372270901059824
374be387,8615,7.394861244571331,3.859979087827912,3.7131442019633596
37d36812,4392,21.757803090671036,23.423330863031183,23.479733302790237
398dce4b,3654,9.164611383262688,1.585496984705102,1.521871475920107
3a0af893,3343,17.480916179697722,17.503068112148643,17.337586696281768
3aaa2b30,4669,18.719911575024003,12.984895541023354,13.067389986348179
3ac16ad0,5411,10.402464612078335,4.717019530702065,4.832473094434212
3b21ea64,6645,7.279944008747909,15.08875262963362,14.710172788145336
3c3dbcbc,5045,8.311710998494659,10.399995773528365,8.997722813199502
3df4b19e,4860,8.902699204599276,5.213208001834287,4.84766170405406
3e011332,3535,42.95189264822946,19.466694920555554,18.36315237085422
41fb0192,3198,7.269835241617584,3.251240472454649,3.133697468005209
42669188,4438,22.92218011424274,36.2701551432652,36.261379974622976
445af6c2,5839,32.12524602360827,22.827982465072488,23.066638758280632
4654e7de,5117,11.124594622323631,4.774986137362101,4.871507023614528
466fc788,5670,23.22942212681335,13.498685907213142,12.144790287413807
46d24a09,4470,21.0644266403515,45.14052416713746,45.03684970935515
48c1f673,3406,26.202619345023756,5.156297087810624,5.073317524118636
49dbc14c,3795,5.961264115527164,16.270810079704226,16.150293134402823
4a8ecc0b,5383,13.478221773558168,9.284415474271897,8.467886400756402
4b831d20,6886,10.117427907260263,8.535399351178588,8.695762626613911
4c2208f5,5291,36.62219320280926,11.717995881313666,11.359449116247735
4c3168cf,4350,4.142112354659639,2.946143879989925,2.643895247052786
4ddde4c1,4684,5.142727153024632,5.506803788587159,5.454522561699853
4f69febf,5547,12.201745043165973,1.3932650679673484,1.3768594473094145
4fbe9c06,5795,13.616454296548438,28.231233981922234,27.81080508427759
511e1db0,4121,6.958461757220173,4.934547446870836,4.932840689681498
512943b2,4877,3.4970747522524728,2.574969453892564,2.7400898084568697
516088b7,6059,6.663493386819681,8.76884141516812,8.465664670942347
521a7819,5274,20.326065478274092,4.424690686420493,4.207722997177154
5305524b,4714,19.40543069816383,9.268389401917732,9.30768059868015
5567d551,6125,14.947633214877834,10.290955744565414,10.245318445300617
5663b2b7,5042,15.995051237233431,14.937856487923554,14.51413100406088
58850d2c,5050,14.64719088601917,9.94702602117883,10.23687027720997
5a1a8fd8,4974,18.95607866345528,6.0899327707130215,5.841654372451304
5a5269a9,5879,7.273217586709342,6.216401085044227,4.9135699201271565
5a5d1982,3976,7.239033173200967,6.0730849708255175,6.054820370712365
5a63b5d1,5878,18.381222162110554,27.12374233415944,26.90214429372533
5aa03df7,4929,6.559438408718735,6.594999684181012,6.708973715438107
5cb483ac,3800,6.326385618977432,4.642407241847103,4.0370163130068635
5def1ce5,5838,14.429050638541339,7.14911082005868,7.539970101769767
5eae34a8,4856,7.33424079615688,2.0209668027171572,2.092901799688998
5f4d2a52,5192,57.38681167110693,42.892034615219764,42.75759224104728
5fb1c15f,3546,16.610545719608574,24.776607447469182,24.45810334248003
61f27424,6089,2.8714226939053664,11.392560062486526,11.217455606586633
62569ae3,3827,9.764152402808996,5.3877845843325565,4.974491930496806
65a5466a,4465,11.723424263472127,14.184760390423865,14.3859703320245
67847288,6697,7.48177654935517,12.539997685704677,12.075126915615721
69c1bdad,3391,19.871524318427223,28.14901763638564,28.020899009335448
6a8fa194,3400,15.103545562510547,3.139983099438202,2.1121608877001155
6d1d74e1,5341,19.876009915357873,24.222074833124804,23.465025165100027
6dbe4b60,4871,6.574970311148653,12.179726190005441,12.406712751658759
6e6d122c,5171,9.480352639690404,7.5172626454603,7.043442286796049
6ea22614,5763,6.916729390574272,15.77209984503116,15.911491061545835
70925e23,5893,12.835267608693682,15.55602815065711,15.965376209892762
722cf0d8,5311,10.991754779435219,10.44381651059901,10.331536466527501
726f3dc2,6292,12.664792363992015,9.255141270256157,8.195386276943434
729665c0,4216,10.319993627771376,2.5431080642159865,2.0861717941400344
73348914,4151,11.495949115283889,12.426918878573831,12.393220426523463
73b1447d,5491,15.640405251014172,9.742765561180395,9.358692951410749
74b6186b,3758,16.950080767522163,2.8118830267062638,2.2580926058670174
75cd5f11,4679,5.926898307887309,4.895146591394593,4.185081739022264
76201745,4276,8.126114520954866,3.7127572453456956,2.187308270072248
77e4821c,4774,17.848873116623373,15.45159064458806,15.328083894872076
7850c72e,5630,13.217017535064668,39.692891470742765,39.60863795545499
79507629,5344,12.66620421255705,2.7834482695816796,2.8365551372209294
7acda2df,3323,11.697705483216415,16.290370302231317,16.26616125378935
7b2c7b3c,3089,4.379054416024628,1.4691977653929948,1.2574390214893387
7c607683,5111,9.737369882897223,5.260452859560121,5.151141720978965
7d50373e,4741,6.289112098303761,2.289097879168582,2.267810861041537
7d57c75d,4487,13.9410964746678,12.664307411434985,12.741472203545001
7e721392,6060,39.69141852597312,30.007038099575755,29.991231365657736
807f0298,4014,8.71834189088483,13.992557055080905,14.05045905907986
81bf5923,4662,33.38954772814953,34.83105682001028,34.90523222988252
82fcf37c,5400,4.711401859476765,2.075054687091745,2.0021363984726563
8478df29,4890,14.969073569790647,3.8649479287501296,4.109801459661889
87aa3730,5324,7.729239710759898,3.7218406549629153,4.516718657132211
8995c945,5985,12.814088818456284,18.615309306317886,18.41052575796362
89969c7a,4611,9.115629658844709,7.526251616529507,7.823916354333415
8ac2f237,4946,19.92401262684949,10.049024474669697,10.01504742965786
8bb9c1e6,4659,6.448780734028007,2.828994547221101,2.8081291127386367
8c167025,5192,10.971324186743685,15.672039937293198,15.405633478940976
8cc21f01,4238,6.078785676405249,11.267716316860335,11.3520448802341
8d5d46d7,5316,8.434430719233761,9.858131582475636,9.396321973543666
8d92cb49,3532,7.787321995515168,2.9902258453941744,2.877479393432863
8f201368,5950,18.68167655055425,5.486732989563138,4.979860621599428
91abc4c7,5685,10.939608981193738,10.001909781554389,10.030493048562835
9298ad5b,4239,12.689831416255236,18.55637357123802,17.87990446498396
93f5d2e6,3775,19.59501716969914,8.259335400140092,8.408360169742872
95c8427f,5877,16.081296888956704,2.891504166011368,2.884692132899939
96936c22,3648,8.096357271580576,3.5398107111023878,3.134826932009149
96ae5806,8415,6.912864611437138,1.8252297846975811,2.2698234148970493
992c99e8,4920,13.799738348821819,13.82309319679786,13.409094894463617
995ff498,4473,8.494539931739004,11.611980808068175,11.373803605224783
999daf80,3970,4.525442970649942,6.8954574790987655,6.311315018722467
9a6b0392,4235,7.446815916640801,9.925297865196418,9.5249089133672
9ad5410a,4197,8.513042951020218,6.699797680675074,6.4499305324049905
9d4272e3,4213,16.170932715659895,15.188821933141638,15.396362652396133
9d5e14d4,4792,17.06587659783711,2.2440582759417134,2.485677306869466
9da441ba,5317,12.599654522074413,19.77121329922482,19.36090430929288
9def2eb2,5658,7.965359224709269,22.734138477662356,22.39998588024178
9e3e364d,4241,4.40610991669207,4.154802253959446,4.045299594206384
9ffce529,4873,9.670712888372892,2.758193146878468,2.647813592842136
a056d01e,6053,8.943974376497733,5.968295653418233,5.622493272122024
a15bc102,3741,7.751404029030854,10.39545431831369,10.339843888223893
a3f71395,5139,11.813877992119545,14.078933928816461,13.948898541755655
a612d5a0,5227,15.456307856472803,11.496516534599131,11.7099488507737
a6ed2eff,5149,8.757111011105414,1.2820238752319457,1.3913507903482778
a85bb86f,3723,5.047310530755505,29.32738688630219,29.051819300810678
a8ed028a,5336,16.864392265932707,11.550517896639438,11.23271890740505
a9c9b150,4253,1.4616781564875685,2.657235350244036,2.705908792694562
aaaf3c03,3451,14.738097863340325,12.557472720658222,12.296675976904794
ab112491,5240,28.634182848556925,28.10242411695963,28.480245216350706
abf460d2,3477,5.913629154634388,21.411369172381562,21.294097009439582
ad2133a8,5247,19.600076282509242,14.735018253969637,14.476144333419066
add9c322,4029,12.857051576064004,33.02459909383341,32.095957704274845
ae0784a8,6695,7.378880097019108,5.346527298027481,5.081285358101364
ae35f33a,4722,5.914339894811472,15.810451446085429,15.932856870951978
ae8959c3,4851,18.629817442991836,15.390501414742419,15.176421497735108
aff4e561,5638,8.781855290990194,3.1194058044227355,3.675657963308003
b0f53bf4,3067,9.753236473859083,8.831246913119978,8.442444231530441
b19b0395,5253,8.503780801013155,4.504282751869652,2.1031932606172425
b32902c0,4188,6.630233558418023,9.279513221423105,9.127446250519561
b37fd114,7144,31.29121971104792,16.343109425868718,15.955585841132374
b38e3116,5806,5.802794820595595,7.710436694152081,7.362391024348385
b4f37e6e,3284,18.19759745840661,7.361162267446542,7.254247676813728
b7fea9ef,4070,16.788776902357455,2.6091020505763645,2.4339387443290734
b8c49c1a,4565,8.013146086781887,30.360672910399746,29.970053360244368
ba48188d,4040,52.532586404832465,32.624261932576104,32.835090736498074
bd4ae5da,5041,13.766865975592872,1.3449477110692696,1.8417991258990833
bd6f0e19,5095,10.347290431499806,3.6829872525634277,2.323628814905447
beda8696,5744,9.526086544889443,10.457643871116895,10.415763142646316
bf39bc20,3684,8.00236119301105,10.566965400826346,9.856135420507755
bffe3082,5246,17.0167492016855,19.23379133340148,18.519646195624002
c03fba65,4138,36.55042786830596,31.627348704448853,31.796977749696335
c1708b88,5811,19.948524581763092,46.543373036176824,45.93926451900031
c2717d4f,4878,7.513169446322727,2.2100953730412374,0.990311079760636
c2c4db09,5731,8.842950831607585,9.520305320117973,9.593019437407346
c2c6fc71,6453,7.650917744747253,2.9312907905137253,2.4673665643292546
c36625df,4662,8.277319159152386,5.513422948794067,5.446598854622022
c593337f,5196,23.997415949387225,18.536876845357256,18.679595881030558
c84c65be,7477,16.79513827113672,12.979993933835646,12.099663924558667
cc08aa63,3663,17.56008631202659,12.99859290175767,12.995316322375661
cd7f1687,4366,11.614075913392693,3.995526848825472,3.167739942380552
cda7eb37,5563,10.134574103157094,3.855877076794288,1.9661898927154604
cdc31d65,4824,7.457046384145097,7.629025437915884,7.299284013632228
cf50c9d1,4843,31.333171588797278,27.51870505080083,27.57875140872794
d00e7eb9,5344,8.137899666638072,12.63580535387922,12.50714365575514
d0cb63ae,5007,21.3888852804688,15.482154261400733,14.04348981868053
d1ecf309,5741,14.968741671985077,4.085682215246555,3.4484645534161134
d1ee630d,5752,4.865452515594003,10.66515798941659,10.292020981134568
d217e0c5,4170,5.580896221745427,5.4219153478668405,5.502911273505542
d273674e,4189,3.21441171650708,4.503993977389668,2.8604308048442944
d40f61d5,4292,4.434235372241913,2.232676150127865,2.374292964780549
d463e527,5103,8.42072025831655,27.25514139668008,27.558638718509492
d7eb0be8,5262,30.69696954959469,23.725117154055926,23.5337830890935
da3bfe4e,5188,29.062182655434494,4.5623005682795075,4.604059553711491
da3cf798,5541,9.755499439783621,14.426707259228923,14.360131809783764
dafc88c3,5247,7.624023873446882,4.123728552254992,4.159917175458894
dbee6c86,6653,4.031780558471351,6.007261594837802,5.87654860314899
dc7da28f,4871,12.171725412932668,28.45298886854694,28.016366443131258
dc7f9757,4528,16.439618950741146,6.8203070061087425,6.778262051056771
dd6bc5b2,4208,7.888023221153072,9.97035546809696,10.185275146505628
ddc790ff,4722,5.755611145388804,1.6992901462663488,1.9455485162446668
e0079ed1,3838,11.96612619578275,9.71426953487427,9.68645128732246
e161bd0c,3513,20.25887401473816,2.7452778412702665,2.5649254185931074
e25f1537,3663,12.19237701834071,3.1941060081523687,1.736311021863515
e5c92e59,4327,7.552159559032677,7.360157762612585,6.785922062386571
e5ff9fd2,3065,10.152297614409637,24.220629489819867,24.13940376796148
e730c32b,4722,11.599582042376761,30.159695399885578,30.217934799496877
e7c36e81,4128,11.016871230979325,20.428612154144357,20.159180896514638
e85074c5,5282,4.067996005336134,3.239274598881652,3.2690218471661354
e97032ad,4127,24.862795075530304,23.682466656059606,23.616292876878838
ea41324e,4992,5.20548950951337,2.9672114543215824,2.665731665359359
eac10e86,5476,3.55352335982288,2.4720804605699773,2.9374828662313526
eafb863e,3881,20.354787855998943,28.72710850410545,28.47300810892989
eb640a35,5681,11.33879230711879,12.225813222707439,11.795390699529461
eb934281,5703,2.952348090845212,4.656390713028181,4.707709986216382
edf885a3,3550,13.720190134395336,1.906575256087187,1.279907537851459
ee4aecac,4815,5.891376712098412,4.520636032591596,3.529980414838704
ef8e3ed0,4845,13.680411756247144,7.460449691910956,6.39887359643883
efde6ac3,4541,9.648685018910296,6.796636125799107,6.800834130398505
f021b650,4095,6.319441050382289,14.916648086902292,14.684222775868998
f074d277,2824,13.563199594885882,11.945060779716394,12.007015465518494
f08774c3,4121,11.409111315712252,6.0555923982241975,6.17059942828582
f140c2fa,4398,6.981885300624434,2.5078601677188033,1.0651988952077605
f16e25e3,4807,2.8513349768846514,4.6902714038879,4.145890246323453
f439a621,3427,14.742267834316419,3.9792557937782354,3.988241522639439
f49fdea3,5130,4.07689729328141,5.853740820467227,5.581873500695665
f5d8aab6,4800,20.787351719254595,22.355525479682605,22.29719558089736
f8662c22,5079,7.802458067812785,24.31531502131514,24.168135586440297
f8afa78a,5378,4.971368971006866,5.029227008334611,5.24464029497302
fa667be2,6423,6.60018693680875,5.86823400806857,5.863023863260867
fba7683c,1502,243.09832489217052,14.650326398948575,13.745881977341162
fbd68d27,6243,12.22696776660745,34.17438532584538,34.58418674352569
fd3b4faa,5078,7.387899442501623,10.182717900695769,10.08930352596081
fd8f77fa,4932,14.510456878402273,6.779953289823569,6.336087705146846
fde20ecf,4662,16.3278060467511,27.052865084009134,27.112697967219557
ffefef30,4687,6.5147591279003425,6.947127434208788,7.034602392436684
