well,plane_r2,knn_plane,idw,floor
000d7d20,0.992990835755291,188.81411501047876,128.50274601253975,7.2863205614466455
00bbac68,0.9703041075068067,9.571344938252015,59.779253426780244,17.993766649551137
00e12e8b,0.9315105518437494,9.015962633393414,29.771144356646808,11.830344267752135
015fe0d2,0.9815436243712949,173.46896964631904,179.74080497600815,24.242432113052665
01869cd4,0.9756917736962376,9.82662375937441,41.43639651298146,17.69410127076326
01982c1d,0.9799239453243705,21.36992085648693,100.74207657263129,5.567574296755209
028d7b28,0.9573119163766418,40.457078811983514,33.917251373891105,13.241266079626321
02e7fe5a,0.972479792396153,14.051935639540124,54.355674409054565,6.448901397623607
0390d174,0.9919066565648017,59.249098224445646,7.441963913111619,8.330478427749775
03a935ae,0.8221702116274269,27.14026099798547,227.0438185170864,48.998316174860534
044af7d1,0.98744206470548,115.43087764254965,91.44735877901584,6.8481642224343995
0498acab,0.9994004519215296,7.89960972833715,30.817228192888184,5.469070165677498
052d64df,0.9934999582968821,41.612844983504985,35.72659379900222,19.217757623023953
05948241,0.9943113622598235,27.287810877708424,36.646990392152304,5.642278291258075
059c8f24,0.9412225647917867,919.7382677112661,1015.2905770490686,12.311801616095188
05a0ee4d,0.9883515991161074,248.05060301505762,175.3899110380869,16.757233136736225
060ab2b8,0.9588815404357237,174.34334076193244,50.552535124364475,6.318580396476673
06df5958,0.9967082875606809,69.54195293856782,104.81468151174109,5.709925468696907
071d7b45,0.9978497950922973,211.01450244868022,208.21483710921822,23.189291757931734
0849b4e2,0.9942202475150429,101.99054032418034,40.79438113392494,14.265487027014489
084d66f9,0.882932321020333,43.51687766344162,133.71674792652624,10.854309121921627
08fecf00,0.9767493860261601,202.89090261872212,197.38409863431292,4.648073103319937
09053135,0.9941094013698232,33.91537173218522,33.15624187420259,12.825889369608856
09441b8d,0.9899059462606324,11.766941963703964,17.043065926652826,16.143518839420647
0955cd6c,0.9827108019233134,29.19478640248187,5.152275564202501,8.01845897236318
09ec2ca9,0.9942750267160216,108.85317214806612,79.9941862507745,9.651310182317328
0a57a29c,0.9913213150551302,150.54274380668096,59.1542286761497,6.9881179933040976
0bbf5e67,0.9985598736217814,237.70142597845236,149.1248314303226,24.972111996400375
0be01c24,0.9568299021735381,81.90093648639312,4.694509891116443,7.289870597158528
0c1b160c,0.9902322445442615,5.862133231448602,39.13432446026699,8.876477468830188
0d99f8e4,0.9901962981610123,139.0801636086452,59.127312465484444,12.510715629192596
0dc5e64d,0.9815882706279813,294.9644565219999,288.3275424380709,19.26839561491651
0dc835f3,0.9910140788626091,22.770964491753745,64.19895534171981,8.44485481115694
0dd99dc5,0.9941675492635217,8.0708534731516,11.569975295802056,9.378433277549656
0e5e560d,0.993187431284808,21.16709305255521,13.908221456373582,16.518594719784595
109d9d70,0.9922140584338778,8.508215438048847,30.69408313015052,9.023673965110815
10a1281a,0.9066734868876405,23.96609901313396,107.85707556081955,2.799077357568277
10b89021,0.9972938016085217,34.39499891533272,8.993184990668851,11.061290385889038
10be2420,0.9993589241660048,22.73719062147779,12.467054318252384,7.837960318789926
113011eb,0.9889230558189097,19.783390585685563,15.962119322809816,5.216834035826723
1131525f,0.9846542155539312,78.19887721100285,155.87882983035104,12.870176375090479
11d0f5ac,0.9976030457179207,18.987337265390945,70.00301509834566,22.64062468638776
12203f2a,0.9888198496570052,70.58303536008357,39.99174732877324,12.740952469599131
122bd617,0.9773637110942551,31.904956149481468,78.17016307286106,13.030496973181142
125be846,0.997658085113046,26.652716301736632,37.2331597429268,8.711523567766562
1285a37b,0.9814645500995614,110.30798606442255,10.824285972621853,4.799710539399231
1295a25b,0.9714802005711989,10.368103864293905,17.233772890910245,8.607345810859757
12f0cd90,0.9966749088298419,13.157369867708509,19.504815288369997,10.607722310972733
137d1e44,0.9809036653628076,7.385122847817271,13.598073879111508,25.973253566402636
13ce113d,0.8647818195579033,60.06089048433743,125.94571968589662,12.89497233389787
13f598d9,0.9963381234505468,14.462881574577477,6.962515264757501,6.715781049343853
14a53cb3,0.996817897243926,7.041827848471,4.629914092683789,7.305927578428582
14ab73fb,0.43413212094003495,50.81785132376171,117.91806608448553,14.995990135196077
14ad5efb,0.997390711850661,13.897896497923027,32.54237219025553,6.585246286991164
14fee784,0.9861232020617595,8.826223505261945,90.46563039795281,22.01870278143232
153552f5,0.9875060363828612,118.86683692559616,43.93213597628955,5.595316149797771
1550491d,0.9943858927580266,12.692010259572243,28.448791741767106,18.864230517015223
155887bb,0.9861377840676531,9.632454751498699,83.01044378807686,19.670622172759828
1590af81,0.9985048671575716,12.798758316366696,27.515941592498983,5.824092931161076
15e154a1,0.9958141533743261,15.264318671474081,8.417780728741679,6.683919809614137
1619e2ca,0.9885016919841438,293.20410474270346,299.76054416029507,9.173474522196475
16e4a047,0.9728948833788786,5.494581641522087,20.050727143449173,11.77769387467342
173ed841,0.979913853455983,28.43648427339843,14.563778461734234,16.689754634341554
1770d7c6,0.997080894837297,6.910608789169,5.125673721525834,11.401990927081055
177622d7,0.9852518957679594,17.759105896668952,120.7645685710428,8.18765042992682
18d24f7b,0.9942521822177529,3.3724118628065463,26.68075441097292,7.5138950278901895
19137a89,0.9952923607267089,11.020523591756007,25.42819628126411,17.508605794884467
1944513c,0.9568285301115639,11.206860476611078,33.823249823121245,4.876866553657679
197f8a5a,0.9887422168390383,44.42325778444489,105.60744015188338,24.640679192504482
19871e7f,0.9585307887537401,228.08725693564276,112.7204649031887,5.59259963830969
198a5607,0.9953159998063852,9.48322601223754,15.464054178774372,10.94651759478941
19fb4f7b,0.9805920428102917,127.7687084789005,37.504580142553415,13.743003924944896
1a518997,0.9848973813573982,4.913524725770464,10.436280440648455,17.293453563483983
1a68190b,0.9904425416772371,13.370597506232677,32.08686856040004,18.248151498785784
1a730ac2,0.9978024175790736,17.88676281865947,20.438739174250795,12.555307844591454
1aaf1da0,0.9881376919907762,68.75875979693411,210.68384869749354,9.32389803555202
1b08ed48,0.9990666510396746,59.65716842783141,25.4625149754192,14.0544304988709
1b1c5372,0.9939873001620815,27.8905848416673,9.113018640805542,18.20112830032573
1b1eba53,0.10412897163490875,18.227970669822117,17.59849315718999,73.7325723286036
1b6ba517,0.9695676928094771,19.492868644316736,219.6431770443965,7.136542529669258
1b82b665,0.9963794218337192,48.324252204561915,3.0261948354943873,6.535249236584086
1bcb2fcf,0.9734155846961593,244.37298666650713,180.44970295775042,6.276244992341244
1beca81d,0.966762908938016,77.19877595336912,16.417633642292113,7.820077891708282
1d3fbf02,0.9885131906663673,22.699725190797185,65.37914642811353,5.776634394621654
1d78281a,0.9952423431891029,23.67349726728975,23.244410314388794,12.226045252598935
1e30dedf,0.9995714641831813,13.684989520972161,82.63460617718592,11.076873960496878
1e5e3573,0.9757334032134796,8.142126518795093,26.689334111062628,8.557014383282652
1f9afacb,0.9693395122991526,23.170523237470896,15.968133431176396,2.328604127780393
1fdbba44,0.9941863625037174,15.068432516971116,31.047438855438187,5.322528283898906
1fee2b62,0.9800289679111875,275.3096374103676,253.66641897895263,8.311832617427989
20096916,0.9686318376783849,39.02152747566144,15.411082185256562,7.249279810148249
200d233d,0.9837230357846386,7.628975702262741,21.176895616559754,5.361890917394368
201661b5,0.9511765170759701,53.47163480325521,242.59997120578294,12.451791169702643
203721ab,0.9110801366556389,14.597082125955463,25.17918975450263,11.594958938067354
20402d71,0.9771895640283107,7.139169387802877,84.59638919778298,6.808984340499405
2043abc5,0.9981037031603489,94.36339194048057,51.63936403832654,16.916115782693492
204cc64b,0.9699652812433657,4.052094596074224,25.78348289916206,5.881785838390875
206b6193,0.9949964412378611,147.17098986536527,203.57246064304493,35.05624572250446
2075c696,0.8813596665581962,115.56167568772784,25.982105188248607,26.599934957156407
22c5f93f,0.982633033725932,59.56346449340289,6.011297233863306,7.418380861015681
230eaaa3,0.921317052429847,19.743788658393214,21.427625296104264,25.18185626822681
2364716c,0.9866563208391265,19.043351982493586,238.59945453048326,20.286842941061224
23b9beb0,0.9963570433155795,10.32806344250307,11.395415400260328,6.072103036122224
24d8997e,0.9011684166608018,16.185357841555184,88.32216776788337,7.540694503417692
25050f63,0.9930719996060988,5.514369080981031,54.1943622064757,7.791927064526522
25939962,0.9502425997213859,40.46358592141483,75.67427676391803,10.808251377254997
25fd32b3,0.9215986350030624,104.93852270975117,72.89932561463567,2.3098343728001254
261785ee,0.9529595517577963,39.69385405142681,52.361384359857496,18.946933490484373
264feceb,0.9920636936893902,12.110010821666995,43.999668512159545,5.456041037398886
26623a50,0.9942330001729494,14.112205640566378,10.326332113181266,21.100836222861915
26d3a96a,0.9913626139036076,22.97169264168216,9.421590207056118,9.030830047902123
272abef3,0.9798124622644445,82.69482302109715,39.388841801363206,10.007297997521167
27300fd5,0.9983967518769837,117.11985955384645,22.132772108653334,17.61402686381148
276b012a,0.9122092773019722,25.614016161199544,31.686733036955413,23.61320533888435
27c3155b,0.7668149147212866,39.226221517005484,56.36666240451936,17.13380076388606
27ebb9b9,0.9341511277941362,18.769494054992204,39.7268011539758,9.249883057646134
283269ac,0.9937163284079035,60.091700312497835,60.76730418954708,4.7124055191434
28473855,0.9864493237022187,10.047098433048335,175.67174862445958,4.295641524375474
28f4eda9,0.9953096450700597,3.847145787648409,23.404782173212197,8.63873139578121
29b24409,0.9980320337944235,5.700830181699618,29.10617729806035,13.451148336069483
29de15c8,0.8910321394246389,9.95940690463364,5.079985704830865,2.9827193990149574
2ab29395,0.9588952121133313,15.108537505982552,9.846189792834771,11.54833265647666
2ac7cb6b,0.9908110560709319,17.621808805878953,20.457216253112584,20.32016369262886
2acc78d4,0.9761391761048059,104.84013347407101,220.3043007204663,13.2933232566685
2b034622,0.9823669835792698,43.82165674550091,42.25993075215636,3.9518603752463304
2b06ad65,0.9936159439606208,10.651492335679402,24.335728330169765,3.1934723261987843
2b547943,0.9513640028155719,14.122191055976483,30.296586784469863,11.853631926791998
2be5c96a,0.9951553142371384,169.2509860228256,200.03655446750852,3.6324476071993623
2bff06cf,0.9944602124937741,30.678456732007426,56.62289562767695,18.436235347656716
2c0c4a4e,0.9984195360467685,10.097592860027257,55.34761598533105,6.741521486058512
2cee0cba,0.9914931795741974,111.39228251711849,52.395389898284094,7.232132009859061
2d0c268a,0.9972010146771466,164.67591857534424,204.28383229049422,15.26796324729542
2d179ded,0.9651961550135697,57.45537402539871,25.541237274615714,8.377628016807602
2d196986,0.9979461049124271,2.946836114286608,3.5650714453775274,11.939553796899647
2d2d0c6b,0.9047537398784042,145.01507039616652,195.24038307869182,3.1194736175844886
2d35f86d,0.9855940065282904,8.722310609665692,224.04073121734066,11.328521182698816
2d9f6cb9,0.9928745687670305,15.586005817974955,15.524308053654703,6.346815127121903
2ddad940,0.9789891331858033,25.38199754161035,30.79820406682661,10.634350749607623
2e29e833,0.9904897085242383,89.04868247533871,234.70216935557082,5.041043083826082
2e43c2ea,0.9839464776259452,8.432646572764392,143.49000665513043,13.697498143679326
2e63d9de,0.9597040482314305,51.95217422325431,31.545691346152633,13.426575122491265
2ee0235b,0.9903742985203832,35.09761604577494,70.0931204097462,5.0394630359934585
2f19d536,0.9541286225193043,198.90075856347295,166.0002653799646,7.939087467591291
2f8e53c3,0.9825704144698937,3.5274932428783714,7.651623106793827,2.7800046916357544
2fa01aa6,0.5713758579261154,11.780577333727045,31.794227240026135,29.897015967035234
2fd68f7b,0.9965830984674892,51.299696340257555,55.11938874687829,61.95206302551385
2fe023be,0.9765079933441929,18.354581957127603,7.406480851572591,16.09551258040674
30d75030,0.9839968479554312,34.685945666047544,65.48375133375197,13.72121433720824
310c71a5,0.9952729411475659,6.103160176538903,17.983189620020436,8.837097652654156
32fe84c9,0.9894617943537781,186.95747647069678,154.94628612264967,21.617764495173315
33c40295,0.97516998073536,6.244465121934206,46.0661561247155,10.112499666096129
3407f5bf,0.9869963674236685,7.831668686590929,31.069922706781263,24.50784047003416
3417285d,0.9976251218178771,38.62806883128725,23.961276483980555,34.29522295138337
347242c8,0.9748230917965154,9.188750285620015,118.69496126927264,10.04640284020616
353e5502,0.9845958790054259,85.2650590376068,216.0556883910663,8.534123674183768
357c12f9,0.885043182507899,7.234312615360038,10.634166701859414,5.668882462295184
3584a6eb,0.9264195576734336,11.214941622821263,8.22672066539191,9.076793247452896
35b30c7f,0.9879239733166096,27.53189483013985,213.15291344147718,7.67264270667503
35b3ef6a,0.9983588710353501,3.04225477813758,57.223701231367265,28.249904424617604
367456ce,0.9962416030962803,116.21534504039955,160.73357249599292,7.046229000306666
368131f9,0.9843771123362026,25.4522018283216,79.80494782042074,21.331330190486128
368fe682,0.9874560741031313,179.53242538093562,47.32210819735107,17.52145958188367
3690a146,0.9806253512919213,7.456730705541389,9.948154347418527,6.693932778550061
37344c2a,0.7284546216431546,78.81273542160632,109.99392858588288,12.903452026908802
373ef48b,0.9786454091387633,47.808921334211014,83.39754123124452,7.2329483207430805
374be387,0.993852314055985,51.823009567575866,34.17723275768056,7.394861244571331
37d36812,0.9541825474604949,7.658214722921751,17.864795605989137,21.757803090671036
38991fd4,0.9947825634816285,35.4829375783374,39.23784061960367,14.914373837518433
389ae58f,0.8848186566577292,100.92350424190109,20.31555501072426,26.34178982144322
3932faa6,0.9091696082431632,26.63046804866654,63.6118420331751,13.185812477634643
398dce4b,0.9994633482603252,5.4476362563869465,7.7675639640122105,9.164611383262688
39b51819,0.9957523025061006,95.1905252388694,63.4023984820519,3.4796123958582266
3a0af893,0.9952931926562655,26.24108472205916,26.979143923105664,17.480916179697722
3a223519,0.9818246652972972,14.176044728131691,11.359528758791267,8.732535443422261
3a7dd95d,0.774517958417307,658.450857872339,660.0614431752578,12.478930790144359
3a824aa7,0.8975659035444727,54.10601568482554,57.56185227713364,5.911747514323405
3a86fe8d,0.9981384667267507,29.7118527008233,19.956086298092174,9.045845246028096
3aaa2b30,0.9980910801836876,24.191233674145412,77.44112381091189,18.719911575024003
3ac16ad0,0.9919902751887256,12.102522273119463,36.13707301797307,10.402464612078335
3b21ea64,0.9919550684123645,9.538027007684468,10.245884527142048,7.279944008747909
3bbe1f5d,0.9891247235171867,9.911005600570686,42.90416966503148,6.306125904255639
3bfee975,0.9648185319197741,12.050763103173026,8.358340835745947,7.781731878133177
3c3dbcbc,0.9515678378817751,12.138410678981401,46.701012370501694,8.311710998494659
3d96d897,0.9705211224610897,11.39412042633288,12.494580021535578,3.42330765320308
3df4b19e,0.9823289680332183,10.012768953501013,46.0537932672643,8.902699204599276
3e011332,0.9491112321332731,15.743590225259462,12.171571657361172,42.95189264822946
3e678ea7,0.9731692521672627,72.04424421887056,23.3291600818477,6.559761729032278
3ef6372a,0.9893213648873327,20.211754390278482,49.54289458842786,6.1256858478421
3ef98781,0.993624699345424,45.70792305910967,35.15856747518043,12.738771284789108
3f603129,0.9866909574701199,10.890169660099176,23.309446854375462,18.593837998135804
404c4384,0.9672342692643,41.64974709359603,56.807047280014054,88.30876808572172
4121c517,0.9850131652956987,7.34480087192338,36.12165684880573,13.632322968566047
41fb0192,0.9915608028064282,10.2489952094789,13.959870433737478,7.269835241617584
42669188,0.9515313953293062,6.679061235036894,21.512310877516047,22.92218011424274
42c538a1,0.7657541993958146,283.7536536379426,78.8698059004146,21.398265985773723
43b06c70,0.9776598420134034,54.128894672339534,147.08795228867965,7.472768622085613
43c7f85a,0.9865335476660086,27.182842563681294,16.111448492197255,10.366033610297402
43e16325,0.14135174894818248,55.84314072751371,138.52380717968524,48.830486507284085
44441e54,0.9987066796157514,7.862376208428055,13.581382301363938,4.182535231101639
445af6c2,0.9944792419804924,6.5390500024860785,9.792785936566975,32.12524602360827
4463446c,0.9975497203346912,275.0285942833946,190.20344809667526,18.93814136927415
44a94013,0.9970118941774954,9.807645684023765,30.22078827225892,18.471164082247327
45fb3e21,0.9958213621299963,8.553404806355218,16.725269855530126,30.280348414801033
460f859e,0.8223122935505494,11.797202808381003,48.14344268897305,21.3721480195738
4630ab92,0.9713734727199952,3.333650833366151,39.278253370152584,7.6099588125392055
463c38f2,0.9874218773063642,7.9876035185638345,28.632193805147217,6.604008455352667
4654e7de,0.9858359769246486,17.252699974232872,18.91722443722241,11.124594622323631
466fc788,0.9557491073833104,10.898360300663777,20.170103842764327,23.22942212681335
46a301e9,0.986211931362527,4.644208273834305,59.267315725166355,4.287400532704397
46a7190b,0.8858287418160944,9.209359984086289,49.720316411284934,14.332068994878048
46d24a09,0.985517909495232,14.107967203006748,25.500583149174915,21.0644266403515
46d41ff6,0.9980072056703546,160.71028667744707,120.91661805560103,10.208406230789292
46dfcfca,0.8181694693326254,8.983119018770953,61.52576692150394,22.77678365310146
47222616,0.9296828471492159,13.49503402255098,13.178924782501776,16.242131628442852
47ee27ab,0.998811432574384,41.97565680161791,6.120874007470064,8.059532507435675
481de5fc,0.966338312924773,14.931230248560336,14.481098998348736,15.967258086453045
48c1f673,0.9996730935201216,9.519845014321103,5.862349601564794,26.202619345023756
4936af16,0.9925359768577035,8.52802471680839,20.66722172994339,4.732666641407274
493b5b31,0.5169429428384665,67.02683820809162,76.38820700062792,15.372990692310662
49dbc14c,0.9785393592955292,5.555292338504071,226.16679004977175,5.961264115527164
4a035ec2,0.9849088702839575,15.795687260888965,25.532392320043048,15.450598807621734
4a335117,0.604657523331753,8.775983632749504,53.763509093958746,19.82909858008881
4a8ecc0b,0.9908943320486161,59.99803374516356,83.2390800537991,13.478221773558168
4b462989,0.9989625121045939,12.663235626757334,28.126967100485558,10.846675224635874
4b831d20,0.9436102369202851,9.028928595001009,12.675614944412505,10.117427907260263
4c2208f5,0.8678465428399329,12.344127758622752,37.73177795313678,36.62219320280926
4c3168cf,0.9906337168994583,76.9929307009209,27.963355280261585,4.142112354659639
4c3df468,0.9915712578514919,32.23401815970107,40.54865011104016,12.19650663436779
4caa7289,0.9898558133028693,89.10602880243643,22.917417006468778,9.829371919334248
4cd1ac61,0.9828691413964478,25.286550271586115,21.392295372676813,33.28120628757154
4cecf7b3,0.9887644637278986,10.010102388434657,21.131199252878467,14.390006910820455
4ddde4c1,0.997345322028058,6.301221469531798,15.857996649091184,5.142727153024632
4e050c92,0.9901726820335374,9.482614030381916,10.603105486820589,6.638869885323705
4ed93db6,0.9640361000131097,21.629505709090452,20.72648483449493,11.07313986385613
4f3eb9e9,0.9912321621712047,27.70179323536721,72.14171666276603,39.07395915007381
4f4ac5ce,0.9977428386624162,205.6201330343989,208.0893704155387,8.632952495221467
4f4afcc6,0.9833022070087133,10.289646792423047,21.361912079399847,10.451281500006381
4f69febf,0.9919731135395209,9.478781109693891,38.86879948730202,12.201745043165973
4fbe9c06,0.9952754377165498,6.3085746030700784,5.8371075676776885,13.616454296548438
504c8b08,0.979565669358226,5.8219159943914205,5.615645155853883,7.778424584951688
511e1db0,0.9557555255540446,122.99444883633109,100.03758924626952,6.958461757220173
512943b2,0.9787425186980355,11.8611197416165,7.8746800173535245,3.4970747522524728
5138a660,0.9923717634775789,12.052052901640247,63.66373228519668,5.346241734232214
516088b7,0.9979790291363115,58.678167429550896,50.63460197776303,6.663493386819681
521a7819,0.9903557251115688,6.042292676668471,4.549647932100672,20.326065478274092
5254b6db,0.9780234293387908,3.012556036428291,96.25031576008463,16.82893320751516
529e88ca,0.9871902773772759,28.230897735454757,21.429823793644978,19.599500521135276
52f1e77a,0.9805438542471955,64.18627248921612,22.82985806964022,12.79510470149645
5305524b,0.9938902497784444,10.963356428945229,15.100696697914515,19.40543069816383
53134831,0.9817022516543018,77.75669934439588,64.11891979468915,21.998497775249696
5397ceb1,0.9975515029331026,27.277327183345495,12.757979554161174,18.29336645769631
53f23031,0.9952332667051896,17.60091283531549,21.974804013237858,12.48713027085431
543198e8,0.9958957190900009,10.219013401767365,89.64388414127596,23.60303303851204
54753541,0.9771362452330792,11.376579396292202,65.59205425501698,16.038886353055005
54a7e3c2,0.9970004466501751,8.853273688147913,34.013386502487045,7.68275632674413
5542c301,0.9942372381571913,10.7442238692374,25.88857262896928,10.953033764142145
5567d551,0.9918027321221796,135.14761817540307,34.608653956251516,14.947633214877834
55efee7f,0.9854199607972662,12.241207691101074,37.859336960582446,25.83515609352923
5663b2b7,0.8626815682809004,28.219763208487162,31.973756641757767,15.995051237233431
5693dde2,0.9835442119504525,86.25108986405424,87.88917422535185,6.436462476282413
56b00794,0.9503848941315846,105.21144804697902,85.90670716219833,15.426800372754226
57796579,0.9777948214735019,16.04736388908476,12.813087051737412,13.73493756719886
577eec7c,0.9928609674652291,170.79173585256362,29.193745241739578,17.494400246421485
57f05c51,0.6334839702559085,38.96634998359071,130.6158546774404,36.72935492570787
58850d2c,0.8727421462598913,67.9863592878424,162.91649359764568,14.64719088601917
58fa8486,0.9117543698520214,14.631604573794649,101.55702921236555,11.888547877665083
591cc951,0.9903383628193323,5.710782141248557,43.745200624870456,18.031871149062816
593876b6,0.9960879667186563,59.967436832779754,9.992037272143307,8.569138199456752
59f8b2e8,0.9777036732561101,112.16369850971968,1025.156820449678,6.535643612800459
5a1a8fd8,0.9880681866162281,119.54568471053983,72.41328153764847,18.95607866345528
5a5269a9,0.991997340764391,98.61781014278863,29.99866607360728,7.273217586709342
5a5d1982,0.9973203800280896,6.3673217995506475,7.669336353010204,7.239033173200967
5a63b5d1,0.9091055370883511,129.97165900277918,113.88123422040111,18.381222162110554
5aa03df7,0.9665330753538361,54.1137762561238,156.98928630870194,6.559438408718735
5aa403d0,0.9973431896167743,15.539825957816891,42.39597865255103,31.94962444924094
5aef5c6c,0.975146021723799,117.2303127620222,234.85778092650628,10.27447599154983
5b7b6324,0.9954655624982321,284.8253559896444,310.7561359892283,13.549641722525374
5bd25f59,0.9984426625326215,18.369454936174776,12.661801526374663,3.050817353826665
5beded95,0.989763148067755,38.152380428713506,194.20771419020042,13.997335355269549
5cb483ac,0.9920934319434012,3.637326438484593,4.917813692576969,6.326385618977432
5cdd8dbc,0.9578216656208595,17.672607030825535,61.139492846033555,14.51023397205443
5d11dfb5,0.9876324472335448,95.0271651851616,10.398587705402473,10.031390597981453
5d7198fd,0.9947189042833522,59.08951004818535,39.40981264817809,13.778168089597289
5def1ce5,0.9875776002836046,16.691728272716542,7.881670439130036,14.429050638541339
5eae34a8,0.9967914429580845,281.48485366971374,206.3203129021204,7.33424079615688
5f4d2a52,0.991299613659454,243.8709101271812,289.4661724775943,57.38681167110693
5f6756c5,0.9949226145682634,96.92678423654202,38.401936659439876,8.952612303848168
5f75f796,0.997695431610797,3.9055223255636062,25.513223018488787,7.181557200925962
5fb1c15f,0.9949308346192429,12.126703071841442,30.68249953587695,16.610545719608574
5fffa282,0.9864791469231357,38.10421107060722,5.209279718936384,6.4094081362353466
60e37807,0.9461939132103271,15.592142259376777,21.750719022442652,25.835536048325796
61f27424,0.9969040785209341,118.46713351444077,7.620419537207497,2.8714226939053664
62569ae3,0.9708140172940749,49.85772809204163,47.65016081923355,9.764152402808996
62a6f539,0.9415189357019158,3.4613446421419924,101.99097918778541,7.368187167695436
633774dc,0.9977727063667648,12.175228573810886,91.34542677084895,14.612879886971742
63559d57,0.9916507693644756,291.8928162245113,176.25132634294735,5.967263122038906
647f2a41,0.9864730876066964,150.35826865742163,114.60050413722716,5.97684562023105
65156b96,0.9934000769956775,12.387963288421933,47.0952910017174,7.616108804888076
653612bc,0.9682330518870521,94.87595597077399,115.36331184973439,2.629381721571239
656a067b,0.9911394341092581,5.877921361717649,21.483453411197623,16.385248927027597
65a5466a,0.9919925731571625,18.17370780851886,42.917747251634665,11.723424263472127
660d9546,0.9767672741164316,72.9664841810968,64.77148818281707,9.143347446159918
6767c111,0.9976177897434325,9.733602661627467,10.459305987504834,24.617714014360512
67847288,0.9969247770931184,5.826552673490988,8.245305748055438,7.48177654935517
67a8da4a,0.9899133473929684,8.386071443597407,27.326905881022384,14.358354702504307
684a6fc1,0.9807537351485311,28.29392760042158,53.88934591883727,9.71859070423194
698930d1,0.9954475405573248,11.091555319758736,6.929761815304736,10.385886754448608
699ea575,0.9670566815993036,7.059506379459356,28.814053789806398,9.793560450688673
69c1bdad,0.979792513468988,62.82618197235247,69.8651722009448,19.871524318427223
69e41fa6,0.9910453630202767,85.14364474098237,69.9399502541509,4.101619652397789
6a0ff78e,0.992673508480518,8.604723927668083,4.57542709786439,28.57079474864986
6a8fa194,0.9302329864510213,169.2870732726699,229.61054027268708,15.103545562510547
6ae68655,0.995061569936996,11.01491884033396,72.68389482494604,5.275346592161905
6d1d74e1,0.9924457495954522,31.002639626129696,32.567042246360174,19.876009915357873
6d590e26,0.9932642939129502,380.45884132872555,395.76072957303506,14.41747167085514
6d6d93af,0.9847858122569625,84.01400706854311,651.7189158798695,41.64919908634377
6dbe4b60,0.9880089874879392,7.916424415185794,45.84522654360856,6.574970311148653
6e6d122c,0.9815361188242686,12.801768261601593,119.32966001797536,9.480352639690404
6e9ccd38,0.9784248550326752,64.37681844079101,18.233362614119937,19.470697071028987
6ea22614,0.9957478197434986,63.29162162572202,76.32450280089287,6.916729390574272
6ede926a,0.991901388624184,11.108035655604652,19.795585829412506,10.588529773110276
708caea9,0.9955758244112743,15.8414954559865,14.97760443186993,31.232063481182507
70925e23,0.8306263162933448,103.4282560401355,262.7583194814599,12.835267608693682
70e1788b,0.9904419230071629,32.08352063301373,14.640151538031768,8.598625749614646
71642c7d,0.9795689945683161,13.43796864251181,18.23388314874183,15.22550312980088
71ccf778,0.9025977840646426,151.6298657042435,255.2871278369249,7.519898923670664
7224331b,0.998653496078962,37.8981113066014,20.566176978634015,4.722502075755609
722cf0d8,0.9945698912411705,29.96592311672065,30.897251158227643,10.991754779435219
7256229b,0.9933916434663187,23.423785546901364,258.4382565832715,6.756022844532067
726f3dc2,0.9950974842617425,48.281752368801705,27.475878090737435,12.664792363992015
7271dd80,0.9822913709994572,21.765760149576128,65.9641009812612,3.345072975724833
727a3a10,0.6884959056976825,40.95074428853238,11.205888593377367,22.282637953539655
729665c0,0.9905921592308002,163.6918908835194,77.93679676198386,10.319993627771376
729e9750,0.9906467957291557,6.323583746085637,11.949552471735036,9.922284609411694
729f4217,0.9942928726378659,8.264285070619998,4.666887798759852,5.022095302819791
72dd8501,0.9909699670335144,19.105859002811044,19.014518812207196,6.703671566966159
73348914,0.9663720340576853,13.898264087850398,17.836605293679156,11.495949115283889
739a914f,0.9978620489991759,249.0118184447057,255.33203789424107,15.061836062003923
73b1447d,0.9715769053728718,15.219149126417532,57.991336245205254,15.640405251014172
74b6186b,0.9919365361061294,26.22014656121352,41.48683181699822,16.950080767522163
75c20ec7,0.990252261542359,79.09067066175419,44.33512751290535,9.425901878161444
75cd5f11,0.9799017302752348,4.46307852536053,5.228640799338877,5.926898307887309
75d20a82,0.8795792057426166,28.172795882856434,31.798233651103885,17.071840809374642
76201745,0.9887478197079848,12.099142037274408,14.200262388947577,8.126114520954866
764072a5,0.9674152761834865,9.182553332375791,35.19699080542455,4.669163415494986
77b0d905,0.9181857402084915,13.167393586515523,13.6406463196182,12.316214703982562
77e4821c,0.9447778284362833,121.29615346319365,214.04415329408164,17.848873116623373
7850c72e,0.8541418124089268,32.182002955047686,29.970933358539614,13.217017535064668
78a4a386,0.9986001168747417,32.42074039218492,11.899668103145126,6.170902058444469
79507629,0.9844855349982018,225.3512151446841,119.06737910591241,12.66620421255705
796dbd4c,0.9898640773305005,75.03539518471068,93.0468639130857,4.837235580837024
7987f2f2,0.9873884234264884,356.73169014195327,242.2177380153981,10.481853924179713
7993a768,0.987740904290334,12.324187395225392,40.96469369829114,12.06158087417591
7a5660b0,0.9800952837303508,134.1322443419564,110.69087224188674,13.171571546243289
7acda2df,0.9866197476138071,4.356501677612681,10.659937260071201,11.697705483216415
7b2c7b3c,0.9633780147841582,39.68902598778292,6.337016552810744,4.379054416024628
7b38844c,0.9966666107828768,3.9105693151951173,7.903755497266363,7.376324451536673
7bb17b96,0.9990562819690191,10.210560195483065,61.492125117853725,17.177049443395966
7c607683,0.9908937287794294,13.916623287068594,16.221927898013817,9.737369882897223
7cbbd047,0.9951932406547633,125.58047076438802,44.15707311274246,8.71777129388339
7cd4bb31,0.9924849971619616,10.42413159239697,27.83856961408118,10.046972597001071
7d50373e,0.9625853399772417,41.07106659304191,21.278587596327338,6.289112098303761
7d57c75d,0.9868232271949209,8.314207992156094,48.04192176316778,13.9410964746678
7e208414,0.9939016575612143,75.20212133012065,94.96559166582325,6.645421508945249
7e721392,0.9408862345533036,142.87068749171567,134.49696357681083,39.69141852597312
7ff89f8f,0.9668567451223935,32.18951751935585,10.838114451607153,15.844241291567354
8050c789,0.9931862121423646,11.847754032534958,34.453360596547064,11.038705748315282
807f0298,0.9936960313425672,15.101641958409125,54.49447943791662,8.71834189088483
811f52b3,0.9971280371693673,5.728131176126925,16.952149308417454,4.432118185845727
81bf5923,0.4730607931913441,23.499525824914496,30.237805321254793,33.38954772814953
81fc01c6,0.993243663682926,17.897270145121286,25.876697203400834,15.411957897166136
8255c867,0.867569662570913,10.012931051663273,6.483123903421747,27.990163714098568
82aab6d2,0.9938901544547158,102.78433096292845,7.77198148816973,5.785257801621378
82fcf37c,0.9703829461115682,13.938838867749102,72.89153714470548,4.711401859476765
833af382,0.9724573936842402,15.210154030074964,12.031766079752359,8.947389191843696
8382f4b6,0.9846657149483408,200.0676707668782,73.00186798906053,34.767256484542166
84633df4,0.9957750128558119,13.262840521975996,56.01318426605431,4.764888090157303
8478df29,0.9974391294901469,15.804741810230421,41.25534077500066,14.969073569790647
84815d5a,0.941810785950543,4.30049239366379,32.25621283331568,20.132668307881215
84c3b497,0.9785769015944552,105.8139956666138,22.01228841975565,20.48924181785398
85380836,0.9909574746446969,18.78197769156447,11.023846352259467,16.882035319280615
8612b37f,0.992292623857179,30.886175504647834,102.91262862502957,18.91393545556765
861e71df,0.976302307264258,127.81052108750268,14.977504199135156,11.341897750487075
86454a6f,0.9911817723352038,42.33278686139555,83.95977059988108,25.83278706917906
8648abae,0.9938945530553646,104.90827269218941,278.8437452902861,5.304450693905963
865033f8,0.9843311037847955,5.331667121184606,68.49174436414661,7.969958397874082
87695469,0.99126803026969,205.7160984772988,258.8996420421515,7.000926127703258
877ed19c,0.9854199384428539,377.7060429523615,374.18287234319513,5.3231499824651
87aa3730,0.9850683196134249,16.324039264995548,23.613854857733088,7.729239710759898
884ecb5f,0.9903848918618378,5.46071581552897,5.979137476657959,20.392849592670174
8902c3f6,0.9761087409441223,17.77883668204829,150.10469351159875,6.139936243037661
896d15b9,0.9464505621809296,68.17548639962182,192.32233415642852,32.480320902255166
8995c945,0.9966506798481368,23.475999340225826,16.641211713740717,12.814088818456284
89969c7a,0.9906848097420372,9.514664561658144,101.71979906652012,9.115629658844709
89f1085d,0.9869380452693401,269.10386763206805,168.84838422075347,11.257486638159959
89f36adf,0.98294178590187,98.52227682354636,92.60159770446293,4.572088269911101
89fdb2f2,0.9833144528411735,7.198649625759694,4.090671638179354,12.69231574201005
8a3da6d1,0.9905590176308687,104.60707553825436,259.39249054548156,9.575215122214228
8a89da23,0.9778951079099685,11.105265197971091,4.972110924972948,25.384421116701148
8a9c8932,0.9791189504929348,226.7851271348928,113.78256224428958,2.455055624900656
8ac2f237,0.9907273393760866,11.513865065832519,12.77722430311995,19.92401262684949
8b12bab6,0.9811962201204251,39.75457917684567,6.101879218735882,16.708598993154666
8b5be31b,0.9994737633961261,14.586428539555621,21.047918414795696,16.219886415776195
8b95d6d1,0.9909011899842781,10.485957316538425,53.10082698969892,9.357621901296582
8b9d8326,0.9905617227505291,212.1009286026935,218.76659333194587,11.061606156787024
8bb9c1e6,0.9955287056047759,11.445029205553801,28.730807653171855,6.448780734028007
8bda1a11,0.988497770429427,7.888483804937755,18.929840794657412,13.940501509589126
8bfa881d,0.9925657959593268,62.15085354276484,109.49018202030317,20.84870687272888
8c167025,0.9554100998976078,130.57309766638846,11.472396903173722,10.971324186743685
8c8348e8,0.6885588367786428,9.209680312741003,40.95271276649685,5.598599915272658
8cc21f01,0.9790567873986353,22.86473253419558,80.2264900638542,6.078785676405249
8cc800b3,0.9907562260816493,474.2149993159918,387.8416822145078,4.2037731910337435
8d5d46d7,0.9922576469852743,7.944118617054023,6.950479952353736,8.434430719233761
8d92cb49,0.9896231434803743,14.513812185918383,33.55927555198885,7.787321995515168
8f201368,0.9876418583009954,20.296719444100017,12.785514741724347,18.68167655055425
90386ee4,0.9889688500490291,8.04171336701599,51.013375971482034,10.50488671335999
91abc4c7,0.9343849469287125,129.27191483659448,26.037827478663782,10.939608981193738
91b301ce,0.9162174311174998,52.92117783916991,44.965214856873324,43.62074793511021
91db7070,0.962168452351679,428.9327494846564,425.4948564243066,41.933787267892555
925a7cd1,0.9923997942353633,147.66713133659482,102.14032195342743,7.500792399494599
9283ae69,0.9905967826420885,15.830676319774454,35.403609766024424,5.301641225017124
9298ad5b,0.9845037221009975,108.2154541253811,57.03805477128248,12.689831416255236
9314ff13,0.5653401871848842,163.81937773049762,310.3181352043563,3.9606355760676974
93209a3d,0.99795675375453,25.26562089518515,154.61542835780872,12.321680002602989
939d9c34,0.882151473682419,224.64196103232163,144.2201938319566,15.394602748986134
93f5d2e6,0.9898544382385537,8.552725017122258,16.729954076814018,19.59501716969914
940a48d9,0.9615361740146241,19.61734317762857,16.778127734911504,12.01298142476639
940e709a,0.9967990710981682,3.502395265477752,43.16219881879084,8.029702296665787
9426ec1e,0.9944524361407269,5.388064138188449,85.88335300173758,6.102864015929343
94467f50,0.9407397874704511,27.33236032165162,94.70159808727183,14.98312968309485
944f36b9,0.9970875881651758,6.724708694624253,4.922655080725377,5.197432042953808
94d813a4,0.9638609499365265,5.92680738302435,12.62268387250011,36.90027996259507
95b559e7,0.9118592674931745,35.14666397521882,46.03071881944225,21.757094469977982
95c8427f,0.9965957852177064,3.418723928232653,2.4186426186173184,16.081296888956704
96936c22,0.9758466259913157,5.903125446879968,108.96959410495724,8.096357271580576
96ae5806,0.9983262000644161,284.0496020645295,330.2417567966693,6.912864611437138
96b7eea1,0.9928465592638352,52.90696364373707,22.779155793714793,18.124808746281296
9719aa04,0.997595839783381,10.60091950016971,4.979997948154365,7.066095197212846
974802e7,0.9987260431400792,152.76906330490627,191.67101994694832,16.267182718773736
97cd5bf9,0.9926703238006758,10.552339113668722,34.56835063161267,9.242929339376236
98177ced,0.8019223600755205,14.83909782104369,16.04024271558418,8.705701701216357
9896fc0b,0.9561615083066378,19.590445904157665,24.095867014442607,14.333793855789152
98bc6f66,0.9847019748960013,41.4798011396133,126.96235179212613,12.842129948517902
992c99e8,0.9831665143628006,5.196490870015023,28.496155749803187,13.799738348821819
992ce078,0.9301702039260996,160.24277868836032,284.8611101679695,16.745839070730327
99529c45,0.9861560026621935,152.66575414295286,18.144600206408803,8.933678583323305
995ff498,0.992896725170386,15.913453622097643,19.300423804337868,8.494539931739004
999daf80,0.9959774287449625,20.911013334753598,30.517598309748763,4.525442970649942
9a6b0392,0.996542535084617,46.814971983804355,66.3538187172676,7.446815916640801
9a8ae0d6,0.9737269833667629,7.877868144937739,29.83423767732287,13.028541210220713
9a95e33f,0.9630448028160982,133.83367185889531,48.776143194054804,19.68154010172905
9ab94eeb,0.9752846049735189,64.36954704927103,159.90483800180485,7.394052331990499
9ad5410a,0.9933215099563408,13.589871641689554,92.37847373646156,8.513042951020218
9ae248be,0.9935689157136017,17.627068456898346,69.9451510228276,6.318061774814032
9af1ffd0,0.9970123617001457,45.91694398112043,163.33391100046745,18.09152747462802
9b5b61c1,0.9876640431551161,5.0906259137925165,57.02102483907442,5.338182653146294
9b9e3b49,0.9955822720984195,395.04228526049405,218.01109039235223,8.186872931960512
9bd2bba3,0.9830853292356411,12.653898634234299,12.224087396243153,5.397405059574783
9c211c53,0.9967227049808881,167.16122288743853,180.01640832223106,9.625165491349362
9c350a6a,0.9326015652661316,444.4480320925526,393.2500570881231,17.48277112686004
9c8375f7,0.8339702721843553,7.148541847510482,11.048005559433873,5.920615469778633
9d072e4c,0.9907318079009717,112.78874708657645,62.02267124695088,8.87391770721973
9d3ec64c,0.9931378982474289,114.43387787047463,92.0492423563139,6.713079587016943
9d4272e3,0.9889633548539543,141.60163580016794,175.9630025883325,16.170932715659895
9d5e14d4,0.9982951608808538,20.990612433805886,41.80430249281706,17.06587659783711
9da441ba,0.992669521958868,9.086786186734958,28.473568434304262,12.599654522074413
9dede370,0.996797448231147,112.96245344942972,17.62533848556528,13.955359240452944
9def2eb2,0.9942975428563121,14.122463336913933,19.895644690329167,7.965359224709269
9df1b1f9,0.963810627213944,66.58546598423372,86.49692668914147,12.513121313924431
9dfff011,0.854261897793174,17.275580168073123,235.37182266724395,4.695180496170886
9e3e364d,0.9956346303288801,483.096765586905,577.6307743903694,4.40610991669207
9efc812e,0.7694553091810474,37.15116907166259,37.3474525820836,7.715008344876174
9f0c7bae,0.940291429366927,20.444624643781616,27.60935291964381,12.145339947267498
9ffce529,0.9598774238765269,5.572423263453037,144.4592875123002,9.670712888372892
a0383629,0.9922222155800925,171.36698687457223,107.5424117660432,9.623688186192492
a056d01e,0.9783669902761336,7.486676403590755,49.38607218941456,8.943974376497733
a08d9e63,0.9878008469839801,11.818752572295061,89.90499757645291,16.8679222818935
a0b83014,0.9607381301351373,23.659853452509378,43.19569034048114,17.707339805792337
a0e92ed6,0.9953662369289314,261.7183286068968,132.84732134266721,8.384874605022299
a15bc102,0.9863411991313821,91.67944448953243,50.75102349750518,7.751404029030854
a247e7cf,0.9950009207219823,4.558918851215683,27.936830803124394,7.270353926991731
a2e8e7f6,0.9778658778231225,20.46681354730972,30.66317014392547,13.384145006975924
a3518960,0.9253756023966883,42.64898108366586,136.71482909218057,7.390349272047574
a3f71395,0.990680204232736,33.76673910326758,46.08290256695074,11.813877992119545
a4719920,0.9964439862938079,22.035481727571778,19.925358061088318,14.77634271528338
a48640d9,0.8983212215215026,41.74811926030306,59.169709454687315,25.72381771100349
a4cdbb0f,0.9946000876726968,19.101270566936,11.504266627410233,11.471669440704273
a4f989c2,0.9977826347860462,13.58057111055703,44.450284798384786,10.046527320096553
a5aa7973,0.9886253149386661,7.442991304301974,31.676534703301577,13.440002070310875
a5e6f7dc,0.9960130251672416,97.02204691799385,187.12779745265348,11.227026255208337
a612d5a0,0.9839315843349833,6.9739262221449705,19.68391539750295,15.456307856472803
a622ce4d,0.9964578992909614,12.630056032575125,38.6301389459635,10.74293077537645
a645da9a,0.9898929398725195,145.98826114398673,78.15329807771809,11.24971485364493
a692b17e,0.978742688135597,16.12259021335906,35.672533810313105,9.79819258039438
a6b8ac67,0.991539987133488,12.262494427287526,84.78939125410172,13.068617909811568
a6ed2eff,0.9580042436258798,262.6351789832524,174.2588480487063,8.757111011105414
a6f967fb,0.5110798625663446,159.28958971865327,169.55197456375845,18.825256249567808
a76db406,0.7102630585462906,48.87320567483159,11.542781945706853,3.307512799920522
a7744f5b,0.9908534758280627,7.242162261245641,8.282688574827796,12.947345023957611
a783cc24,0.9959077059529761,12.589143659969164,35.362533433041555,27.24098519210891
a79fd2e7,0.9838730130289071,93.13849782185298,79.9335944004748,13.93908211069745
a7fc3e6b,0.9773865065631442,71.19217803861002,414.8598970963543,17.15900873528273
a85bb86f,0.8232704870704242,28.341146134037476,138.11327313818234,5.047310530755505
a85e4bc3,0.9795635365223626,223.48413749120414,101.4988136416936,8.599848398663864
a87433c9,0.9981336055845488,97.47419215986214,77.63015170357743,10.091731355691243
a8ed028a,0.9183380656122215,12.770279051394853,13.448558424758694,16.864392265932707
a959858c,0.9301888514382232,40.62288338326795,13.646057600402289,14.026069909574074
a9c9b150,0.9864278055831596,54.41757504999921,85.31263913426568,1.4616781564875685
aa95015b,0.9914568143670126,10.105376787988959,36.191045907474134,14.519882327700227
aaaf3c03,0.8963938799510576,177.01212660501497,122.68426875434645,14.738097863340325
aaeffccb,0.9120906055886012,11.638862179502313,41.69072515450675,19.690033965807757
ab112491,0.9831810276257864,58.022825016010316,104.56338091092165,28.634182848556925
ab18d3fc,0.978165860948474,13.97555214644089,197.9854626895432,16.2414211272137
ab3ced07,0.9256215108844928,20.20049799285521,33.76089965170909,10.765645968919893
ab6fe95d,0.9973406100608325,42.37754400611294,42.30606733583204,6.554470112081872
ab94878e,0.9794003680140217,70.39280740447781,51.459473773826794,12.91512039437822
abf460d2,0.9594475028683213,3.3651087337166232,84.78585867844468,5.913629154634388
ac6f01d5,0.9837902098240126,11.997997423019793,33.12008747303936,19.89666409428012
ad2133a8,0.9297704459504716,11.442612318315561,64.1553000795412,19.600076282509242
add9c322,0.9963292504580384,5.618422924933463,25.297316221450046,12.857051576064004
ae069086,0.9849181581964078,6.497089457362277,10.675404922706171,12.144547888914419
ae0784a8,0.9931068422384829,200.11212211465474,178.26686256989785,7.378880097019108
ae35f33a,0.9787438656817851,17.9377318048228,13.861755317886216,5.914339894811472
ae8959c3,0.9992692612803049,27.596880249293744,16.86747593911437,18.629817442991836
aed44918,0.9938265241521873,90.75385423444501,112.46112283298355,7.142813994126739
aee6393a,0.9904410504949468,109.56445498644327,87.48459065228704,4.654545660299762
af7a59ce,0.9920266720498131,67.96918366977278,103.76616337127003,4.4444060685443025
aff4e561,0.9798510220763237,10.914972855895845,75.26166402122041,8.781855290990194
b04b58a3,0.9959726715293235,42.413075678772515,187.53099354354927,13.175874998472814
b0d42b0d,0.9907340219012148,130.43072587898882,158.7996878264293,11.363643530577605
b0f53bf4,0.9762372485236321,244.59749881039127,198.36704768422823,9.753236473859083
b19b0395,0.9319068496704254,11.317040038702952,90.04130216860835,8.503780801013155
b1efb8a4,0.990855228218098,35.37649676019995,17.04676802438651,8.836946119616735
b32902c0,0.9976827267340597,13.771026296490545,23.528311189046114,6.630233558418023
b32e4903,0.9902675587155282,30.61820849059912,15.112559931411953,10.627860416798141
b3388334,0.9584754639542318,123.87837926127641,20.195495090220902,13.060849283822954
b37fd114,0.9889665269472636,22.190318040126325,47.20486624911639,31.29121971104792
b38e3116,0.9762570156160638,24.293535418752576,10.864163541792962,5.802794820595595
b4d8dd4f,0.9241194761153944,6.992318788812144,71.03211304660864,16.962166528013473
b4f37e6e,0.930082801528373,63.999016114159005,132.12182790460133,18.19759745840661
b56bc0aa,0.9728347764480562,16.999055769147848,229.52334784800544,10.162635317173207
b585b4fa,0.9918083935698323,13.245486132253866,10.213993784902993,10.509644686931008
b5aa9634,0.9948342808294336,6.896519600082285,9.729120018037776,9.846106139386553
b7974e66,0.9983314002595842,47.85918160863844,4.714664691050042,7.8800014341500475
b7cdcecb,0.9901538140785185,17.394819577124018,11.348658533896074,6.973653546694702
b7fea9ef,0.9987403202803036,25.77705671397869,26.59749383015636,16.788776902357455
b85f7b06,0.9983057569840948,348.42261055613466,295.73550043199253,3.3252565952507256
b881d27e,0.9872995249315447,21.541237111657498,87.48611845767877,18.937435786044222
b8c49c1a,0.9926092565326134,15.731064135925603,115.03617300790133,8.013146086781887
b95e7121,0.9975490553543188,2.7642709865163733,2.9797885362451635,5.664917691224337
b977be4a,0.9917903686945688,13.246836644307336,21.667573969530483,25.25926652181929
ba48188d,0.9914060910070366,6.017732756814457,13.50796344906264,52.532586404832465
bb2cdd83,0.9904429872176761,7.124256550027832,7.207161742615557,4.3627507768593325
bb337fa0,0.9939371502947866,168.4238537656044,40.83477659762055,9.979042295149979
bb682ebd,0.9956623735246979,10.838538879602945,20.16808370286539,23.760450399012065
bc4381e2,0.9958959758524443,9.610449165069408,73.11431646035604,12.640097003907634
bcebcc5f,0.9962072554829701,14.933265809783208,9.034997303998832,7.588882557985811
bd2c2f34,0.9961603751510292,40.2865118147996,22.12106491777717,7.015820705695716
bd4ae5da,0.9975929775743233,378.68639549059446,202.2378927532193,13.766865975592872
bd6f0e19,0.9843266904523723,15.727404861463057,41.939065697951996,10.347290431499806
bd8f847e,0.9831142139437973,32.231489671118794,31.04239254613906,8.296889147131234
be063506,0.9955809674602748,5.739839667311278,223.44165625361146,15.112989786160695
be35c8f2,0.985363750558048,289.58808280747286,305.45013393020923,5.290556599399138
be83e781,0.9738788666679106,59.55432247594626,39.022868593110125,5.425331246448119
beda8696,0.8845989503748259,22.851361289263057,137.3933445971006,9.526086544889443
bf39bc20,0.9204308967915169,11.689369083310533,49.06101230149583,8.00236119301105
bf70b410,0.9028753447086855,22.596812563041524,52.17397887124171,15.436180147671282
bffe3082,0.9925098516432852,334.24898683829247,348.49667684724204,17.0167492016855
c03b9305,0.9994513348710696,14.377832456349743,72.79018422764179,7.062782357281124
c03d4aed,0.9906654251372808,20.194754878915827,63.71053487311806,12.536003728976482
c03fba65,0.9654170407206225,13.111941031636503,64.59027533823541,36.55042786830596
c07fd0cd,0.9732387021753215,14.126406315142368,15.072469219539927,4.0022156341008825
c1708b88,0.9892941194192219,94.5910814789956,87.75683437402387,19.948524581763092
c1d046f4,0.9961633971474833,3.7357085091901276,24.102569061857523,6.506724773697535
c2717d4f,0.9849050327344993,13.164466650082547,18.844188634027844,7.513169446322727
c2c4db09,0.9947998678296157,10.836927281485998,22.116357615518673,8.842950831607585
c2c6fc71,0.9907835169640076,20.66944865445191,22.673983037621973,7.650917744747253
c36625df,0.9985240314743028,312.038590158033,407.7981131570634,8.277319159152386
c3957531,0.9015421753124736,105.2362373810546,65.58091268676868,12.691990246281595
c42fe306,0.9567670662151502,106.55065791833069,80.71369412034721,10.86183972985906
c43812e2,0.9935698126387118,60.07790938948359,44.09846808519824,5.943328377062374
c472c0b5,0.9997301681827936,28.71265288269981,36.98133227709983,17.41221250688752
c47e0767,0.9298261404176358,14.610867740726068,25.154690264163094,22.02002803542906
c50b42f6,0.9946772207752317,15.413699826423553,10.766563132254069,7.91931523585921
c593337f,0.9896021795422933,322.983804247629,386.68928829011816,23.997415949387225
c59b6c4a,0.9760909096580225,19.064157612636066,21.811586233732417,20.73823616333779
c66be2b8,0.9675319911279826,374.81333113609287,382.55881058355646,20.229260347873854
c6797dd7,0.9895785391968683,13.205213173069986,5.975989342229721,5.803278483404316
c6b782a4,0.9916213186022714,23.30986941888781,70.81938022059941,12.623091472105349
c6c96179,0.9991793061778438,2.4729886594601305,3.431051286611476,10.124432925812757
c70c0e01,0.9772410385374637,38.03640824521431,28.804880227453246,8.698977839120056
c84c65be,0.9868260503438377,182.22315086663482,232.56595673609823,16.79513827113672
c8d9680c,0.9956650509249985,405.85175928548114,437.59200587348903,42.07667183683897
c908edd0,0.9956633437947262,8.84315023080235,28.262232303537495,10.858354488393406
c9578d27,0.9868002323375287,11.201930645907405,15.492178367228988,10.699622056377645
c96c018a,0.9951367674991127,5.96249093913386,23.202716442150898,16.832249008651452
c99f9fae,0.9980320783337148,70.18846998350361,100.96796217648502,5.03668497575931
c9e6734f,0.937483560463958,36.30002346159952,145.79739660541037,10.515090480576582
c9e980e8,0.9703307324960135,262.8002163727776,171.20768756152134,13.840331475240975
c9fedcf3,0.9940734337374516,105.18966787863674,105.34368280630444,12.914383367583902
cad13e8f,0.5772963695952333,27.68969293735775,34.560346732025515,18.397969058102134
cb34231f,0.8262444107755863,21.073620223741084,17.845797198820524,5.975983571134163
cb879f40,0.9958469998190944,157.54981847000062,215.2284548713834,13.39704855685346
cbb406b5,0.9986290062622835,170.19004681495977,198.18037322688997,7.630042638484725
cbe51de1,0.9924418056196673,525.44436791804,642.7476878365272,14.363828396296984
cbe62450,0.9907488738079313,155.31342188286808,265.82560226421043,14.438197286439848
cc08aa63,0.990980900509975,12.691739983818676,87.48685882215116,17.56008631202659
cc8a1d57,0.9561398076130406,13.604333212844002,126.95266531639206,15.885888077883292
ccedb12b,0.9788046226302244,6.90023426424117,31.492578850122946,16.272179414919705
cd7f1687,0.9730362116885382,18.749332401275048,9.83235072798,11.614075913392693
cda7eb37,0.9058977603965632,18.546035554925343,43.539648609739196,10.134574103157094
cdc31d65,0.9840972937030821,3.4525604505068808,49.270277081382524,7.457046384145097
cdc60a53,0.9970812966394949,5.525829374407546,5.7590069986372,11.672238773978535
ce55ba43,0.9961837576162257,72.25404578416531,18.88111315819898,14.24219363085858
ce8399b7,0.7663193942204596,137.8191693956558,120.36930636370883,70.47953785582503
cf50c9d1,0.9903204760587893,75.02496263566856,12.4105178677422,31.333171588797278
d00e7eb9,0.9968684392247247,135.45734043837868,163.15348795725953,8.137899666638072
d011f41b,0.9965285201208712,7.345277550176455,49.6502827898044,6.480253466317729
d07aed8f,0.9122440362985982,72.30464699093038,31.619958148348047,11.316692126263822
d085e611,0.997158033780187,138.18976444056653,132.59800568804135,13.454504070391309
d0a0e7b5,0.9926161588717385,10.065405600299842,35.76342672748589,11.94959540258224
d0a43760,0.7965663432679141,127.43397718286289,26.349788560112493,4.4432969850785184
d0cb63ae,0.9954327045530891,10.021209785676078,40.12272251305974,21.3888852804688
d114d9c2,0.9310427113151772,26.184148503532327,92.87876206177579,9.468478765780139
d1457cc5,0.9748784456410484,58.7232255725855,55.94383531833127,13.65883189452973
d1ecf309,0.9931467912507507,137.69547208273704,108.8635961590193,14.968741671985077
d1ee630d,0.9956937883984763,12.564421719947294,22.795992255078364,4.865452515594003
d217e0c5,0.9687787464768393,66.94766855013886,13.725493027886333,5.580896221745427
d24ff243,0.9417835694942466,16.84606858935053,5.0896742672070525,6.1878835672133885
d273674e,0.8424995970257989,6.575030995446776,29.285479663750767,3.21441171650708
d2f3b1ab,0.9742793893873202,12.634914268830466,17.327823427061507,15.129404317259615
d3df146b,0.981463894543039,54.09499397903951,8.553660908655289,13.528627483896324
d40f61d5,0.9966406565444483,6.912295992920896,7.949784214912282,4.434235372241913
d41beaf2,0.9928523020154547,58.48922703791733,4.987183461393778,16.4300848663576
d463e527,0.9672213419213459,14.702691058098281,131.12968967833137,8.42072025831655
d4f60a28,0.9002793105227872,8.515211926386803,20.440676067151607,7.925620267199056
d50c649a,0.9789062716264265,37.22779126064482,31.772766668779227,5.468236134495164
d543916f,0.9948614712460304,23.886657898869384,49.79435562837841,10.104449591566999
d5df0ff5,0.9973926843466704,60.46155206044365,3.205779700496056,16.240247638607276
d60430e6,0.9865038955968063,278.0038852839993,169.99953732859953,14.975347454988123
d63196fe,0.9458753963203869,9.341957813259134,43.45330905815745,18.81617478942141
d6c320d9,0.9678229710564225,8.56189113063585,8.589703899031743,9.732679905066442
d6dd7330,0.9906200450265501,28.413746940580637,19.157312941116217,9.84214083482051
d7ba4f9d,0.971212829633926,36.04852283274025,25.278510620086767,5.145693818006445
d7eb0be8,0.7363116004260256,21.798456823867927,73.18599356870939,30.69696954959469
d84b621b,0.9623169179539341,19.12935179064818,26.71256331459585,28.387863888677735
d90aa14c,0.9971697723223161,128.77019528549556,191.88014410397054,19.41080324928237
d924e971,0.9762621924270345,91.82894271472013,260.45821780769904,43.70253946618665
d9ae59b2,0.9853760225856975,310.32106137297234,381.93007820735687,4.309065450094097
d9d6d94d,0.8140446117586413,16.18123440130253,40.200464432811714,9.53560929094573
d9eca87b,0.9033581736006346,29.669300595279456,81.15779723571228,20.612848394786223
da2d4d7c,0.951748087586396,5.5379702079863256,8.244617852292347,3.073192992470592
da3bfe4e,0.9845823206122066,30.989521047247425,6.394845526749886,29.062182655434494
da3cf798,0.999085362486097,110.61259023280202,50.71287182756324,9.755499439783621
da940160,0.9499254515768705,5.609370333897766,21.4951124123984,10.292680770848744
dafc88c3,0.9252212022147513,11.493677870913597,108.79748022410094,7.624023873446882
dbee6c86,0.9862040544415804,16.20844277087537,22.10471629921376,4.031780558471351
dc5fbe29,0.9922825478988629,7.333776068627526,188.14624367919663,7.376255984650577
dc7da28f,0.947745402355918,98.34090254288516,59.2932861434644,12.171725412932668
dc7f9757,0.9838513934599998,60.993833073993834,56.75928383787345,16.439618950741146
dd168de0,0.9986028119624665,6.8197189961989855,31.217696467103696,6.211379624355576
dd64382d,0.9992455940348359,3.1340288182525753,22.791853285830395,6.87830629253755
dd6bc5b2,0.9931322997295018,73.8757790823085,81.77154241598866,7.888023221153072
dd7d638e,0.9092545820376319,14.363638070980857,1.634164340951967,6.228684041875937
ddc790ff,0.9100984850058318,341.4439889461764,341.2512262633054,5.755611145388804
df71d1ff,0.9924649764523077,23.142767808743297,30.028433857655553,16.995853408527264
df73b8f3,0.9716350536649365,81.61610150133644,11.805007493939659,16.155722526831525
df8290be,0.9553890270863717,14.446043946214008,42.81361989730351,10.99951393721269
e0079ed1,0.9595263894691419,85.38051922079048,106.02509329776915,11.96612619578275
e03b45fd,0.992245266339305,18.216076655990623,86.10641965866168,15.527740153412529
e0f36d98,0.9875490654643407,22.86622389202265,10.671423868110749,14.220715107753744
e149204f,0.9922590542511952,34.12929342836303,22.606171798867294,8.801059553548315
e14d641e,0.980779896072581,8.982419489635644,34.48873929444969,5.777895810283945
e161bd0c,0.9788124882804696,8.369695499310179,253.3144163507708,20.25887401473816
e201fd6d,0.955451386457896,21.287764209430282,50.11346419417219,16.398685905439823
e25f1537,0.9925701144781726,122.60612258428077,60.36679342318608,12.19237701834071
e2fc7745,0.9553724149383697,94.14254960744901,27.867371832327116,12.959675147281429
e32da4ec,0.9943565099053708,194.65115287058492,60.44379531796072,11.985773159121726
e3b34f5b,0.993543324938055,92.33379579373985,242.45639143121969,13.768518116867167
e45a2a62,0.9838601744927273,12.86618674140126,31.57089058019459,23.12834649333247
e46f4ef4,0.9676326775943311,51.126524586823116,16.25589355098769,5.35835832100691
e4726608,0.976677010865181,142.8142196324886,50.442706078865676,6.78773161525792
e5864244,0.9810019368895591,9.022792224303595,9.831993840317391,23.5514646470381
e5c92e59,0.9935571937493533,28.544657333817096,11.461573889907182,7.552159559032677
e5ff9fd2,0.9466813705164139,513.6412812940174,599.2303662502446,10.152297614409637
e6c55748,0.9899939136107556,19.58767970272969,26.25270101531087,10.368800592360422
e730c32b,0.944561738550694,278.7039976343506,241.81885660256634,11.599582042376761
e737965a,0.9934573443774646,106.4989561788003,45.41010369751241,17.175736752440105
e748dd88,0.9815045934072435,11.168810098159291,22.12365931242089,7.428222531984518
e7818f7a,0.997961872472268,289.52236241547973,248.6279716194524,4.561749785259187
e7c36e81,0.936106806631316,6.597267704860839,8.418693476071823,11.016871230979325
e7d0c1de,0.9788862114730432,66.18547864805686,13.370276867132791,6.85952739373255
e85074c5,0.9267937167084085,110.6018959635147,90.7236587579474,4.067996005336134
e97032ad,0.955418941975114,11.835581793598761,32.95019889034599,24.862795075530304
e9949a23,0.9534747187972152,23.784519383826197,97.04842747833462,12.011110054543161
ea0b99b7,0.9886143628189318,361.2517648618895,397.9428733410664,6.346392185787769
ea3a0e38,0.9878817378941528,29.10267660166137,36.314824359799545,18.537811811214834
ea41324e,0.9826187948694831,15.098631539045982,14.020581804111949,5.20548950951337
eabc711b,0.984719400223893,68.79314458725034,59.229439503543404,11.761757868409164
eac10e86,0.9922139869967089,26.435550063468266,15.971829309510847,3.55352335982288
eafb863e,0.9719509444497686,13.51004805603819,30.460063806525604,20.354787855998943
eb06a4e7,0.9435973857775904,17.51461462398479,36.10161777421148,10.195238402581134
eb640a35,0.9933581900111633,126.91327566838594,96.69088629430948,11.33879230711879
eb934281,0.9987632471699619,54.524155809194745,15.738081966705332,2.952348090845212
eba6605e,0.7591433196648882,135.97343471175452,70.18498972347147,9.153304890538841
ebe69318,0.9440778024823921,63.35702227422101,52.688132745643934,4.985068735505473
ec0d597b,0.9309801023751768,58.151180246019265,233.33500034585379,16.191014232888058
ec13af42,0.98638226198973,5.954614052394007,7.264996029062971,9.31220273014829
ecdab904,0.9965165905537169,36.96868405666065,111.70273381313119,14.645875549448458
ecdaf714,0.9832649415808193,23.189153131446965,204.33363738436793,17.21212171547957
ed6436d6,0.9841723253846165,6.1508793873894705,11.632962210103727,14.303902428590373
ed6e6e54,0.9897522646607765,27.178314963493587,7.5156753953912085,17.05318883041556
edf885a3,0.9875972445372383,21.601400568466026,112.15634870969959,13.720190134395336
ee0300f7,0.8225362124369213,116.56908960567368,64.4414394521438,25.02346481996906
ee288beb,0.9617672525094572,152.06769575721214,221.31307398007928,33.65352127197193
ee4aecac,0.9759754055363965,15.387462916642928,10.506982363923454,5.891376712098412
eeda36f5,0.9870637303802872,18.703074000790885,11.32968005674632,3.5283541246211114
eeed308d,0.9988193665441415,1.9778747175014915,4.185485278465135,9.28892060759878
ef04658e,0.9827354561978395,42.63531294842973,25.088855000381532,15.639528868883827
ef8e3ed0,0.9861549512746915,43.80052267183672,8.705854423447832,13.680411756247144
efde6ac3,0.9961574495134381,86.43385814083327,29.861391396253833,9.648685018910296
efe96181,0.9569091879576925,123.14466425835278,373.0011332021711,26.448480156847918
f0188a48,0.9932026191954522,39.62560719710858,35.99253611226466,8.897449939205723
f021b650,0.9940367871121408,60.551821369766486,94.08545775536743,6.319441050382289
f03f10fe,0.9851968974497153,7.051414058709532,7.647646801580163,12.153877032097332
f053a1b9,0.9521803243268796,10.962575861677816,9.78250471146054,11.318738538121693
f074d277,0.9901580858812683,188.58945853240078,238.98057919009867,13.563199594885882
f07d7037,0.9971190366552151,64.67343407582221,26.78682572108037,7.179078656014943
f08774c3,0.9733468752622506,63.95770658909879,163.69336331134534,11.409111315712252
f140c2fa,0.985854493888048,18.658963495375858,48.65117767000964,6.981885300624434
f16e25e3,0.9923210562479007,31.299080071839544,190.14188075606907,2.8513349768846514
f2d4c8c9,0.9756190702988029,23.622869739620214,34.90851300097228,3.748496692728154
f321a31c,0.9784390923414309,26.060795678607505,44.78366885106104,12.021449833191747
f40cd091,0.9963768415612625,32.17208416130733,46.705936346851736,18.499781653010416
f439a621,0.9991208808403388,17.961287635640716,35.98462218332065,14.742267834316419
f49fdea3,0.997087022165312,17.16802438844083,37.6513543496334,4.07689729328141
f4d12d23,0.9334746176423637,3.1587779354947862,21.771822608570144,17.842371317507897
f56d3ace,0.9814765239834599,8.765322061813983,38.662491712028995,6.637679855113832
f5859199,0.9946808803165833,90.55940711065733,348.68199977870836,6.893410979735722
f5d8aab6,0.9963429488801172,9.675927043604933,15.375904470979977,20.787351719254595
f631da6e,0.9949728018383286,65.46292694907903,124.15789236258667,8.777322358103767
f6824bb0,0.9975391044724922,12.267228890579743,10.360155369842172,20.896905639265018
f6bc699b,0.9804091129176543,69.18394062903354,188.6667050361053,14.474052744947816
f6d009f4,0.9930914107804913,15.655298012815226,38.19674159262468,36.37200543889907
f72b268f,0.9933209879930117,11.239641177614322,16.151590125927065,20.156254521846996
f8662c22,0.9643641511266413,19.300447326795993,25.376705562002254,7.802458067812785
f88ddb26,0.9832335677811319,13.796197424546538,49.83657217432699,46.058628389884746
f8afa78a,0.9813175830277718,29.899712888415458,23.006510365549744,4.971368971006866
f8f59188,0.9809916821739474,91.48571435576706,75.95181380252473,7.290424352242628
f9fc81aa,0.9779838227104553,12.222784820902609,12.519136449282644,8.967786049704909
fa16d114,0.9919056195359839,13.972201648430403,31.3538768810475,24.747069491318385
fa31da94,0.9986969596430937,245.87068146001224,199.40249240070645,5.237506988499392
fa667be2,0.9937354434404819,13.899828286249255,13.814827699739903,6.60018693680875
fae0c593,0.984977369721367,35.2990981013561,16.99189775820332,11.6335247010105
fb03ae90,0.6205234866220426,83.28651104195762,21.02436995591548,24.614633650957114
fb0904bd,0.9901272805030478,67.71520152481447,32.46661649005501,4.625545758016448
fb3848a1,0.9879372999396796,121.12356973615972,4.062083405367497,9.320190400539673
fb73b13a,0.9907704458765366,21.930939638774984,49.474732885828246,10.810091056730988
fba7683c,0.8123053109062731,45.811887268392574,70.6240191394355,243.09832489217052
fbd68d27,0.9848656581399773,7.701124562372058,12.540881241554816,12.22696776660745
fc03f21f,0.9884940498091832,9.483611280965494,150.90123215565293,10.531391257158578
fc0d20b2,0.9997838026924352,2.1077000060533293,5.255213682086609,11.588648270975506
fcfcc902,0.9549770811782822,16.57438091852147,16.8400739290713,31.645165285741673
fd3b4faa,0.9817656667980914,35.9209475437634,46.330769252199616,7.387899442501623
fd710aea,0.957136954554845,6.86472386612415,7.237167903381548,8.41837735508373
fd8f77fa,0.9876471006785529,11.694128521699977,23.07377838630758,14.510456878402273
fde20ecf,0.9725961143328906,72.76963154635847,12.578589554535208,16.3278060467511
fdfd57da,0.9932108967045529,5.993463485249286,19.292030672100687,4.7842653462443
febb4411,0.9597596456547319,17.024807280454283,42.9625208978715,7.278831667154303
fef8af96,0.9879127760115156,56.18181146788682,44.57358902061762,46.01201759470087
ff0aea78,0.8895254476635784,203.45088295491578,140.41827914454322,30.230187790595032
ff8bb73a,0.9799551055059394,89.94613483959013,66.19025335632111,9.549549931465679
ffefef30,0.9810600333468686,15.408952059888197,10.321401518772072,6.5147591279003425
