TVT,GR,Geology
10381.37,103.65,
10381.87,103.86,
10382.37,101.36,
10382.87,101.49000000000001,
10383.37,103.4,
10383.87,103.8,
10384.37,103.83,
10384.87,103.19,
10385.37,102.64,
10385.87,101.88000000000001,
10386.37,99.14,
10386.87,98.73,
10387.37,101.03,
10387.87,103.78,
10388.37,105.59,
10388.87,104.38000000000001,
10389.37,102.27,
10389.87,101.89,
10390.37,102.53,
10390.87,103.44,
10391.37,103.26,
10391.87,98.8,
10392.37,96.35000000000001,
10392.87,97.76,
10393.37,98.58,
10393.87,100.75,
10394.37,102.07000000000001,
10394.87,103.52,
10395.37,105.57000000000001,
10395.87,101.96000000000001,
10396.37,97.8,
10396.87,100.88000000000001,
10397.37,103.01,
10397.87,102.0,
10398.37,100.83,
10398.86,100.32000000000001,
10399.36,100.99000000000001,
10399.86,101.0,
10400.36,103.47,
10400.86,106.60000000000001,
10401.36,106.52,
10401.86,103.82000000000001,
10402.36,99.71000000000001,
10402.86,99.81,
10403.36,101.33,
10403.86,102.05,
10404.36,103.16,
10404.86,104.35000000000001,
10405.36,103.82000000000001,
10405.86,102.95,
10406.36,104.0,
10406.86,104.85000000000001,
10407.36,103.71000000000001,
10407.86,101.61,
10408.36,101.53,
10408.86,103.49000000000001,
10409.36,102.9,
10409.86,103.55,
10410.36,107.06,
10410.86,108.05,
10411.36,106.02,
10411.86,105.61,
10412.36,105.79,
10412.86,104.29,
10413.36,102.10000000000001,
10413.86,100.89,
10414.36,102.75,
10414.86,104.49000000000001,
10415.36,104.81,
10415.86,106.72,
10416.36,108.96000000000001,
10416.86,108.65,
10417.36,105.5,
10417.86,103.45,
10418.36,103.33,
10418.86,103.96000000000001,
10419.36,103.9,
10419.86,101.43,
10420.36,100.2,
10420.86,103.03,
10421.36,104.81,
10421.86,105.23,
10422.36,106.98,
10422.86,106.23,
10423.36,103.52,
10423.86,104.12,
10424.36,105.41,
10424.86,106.3,
10425.36,107.16,
10425.86,107.03,
10426.36,106.31,
10426.86,105.37,
10427.36,103.39,
10427.86,101.67,
10428.36,103.86,
10428.86,106.77,
10429.36,107.52,
10429.86,105.46000000000001,
10430.36,105.04,
10430.86,106.64,
10431.36,107.56,
10431.86,110.37,
10432.36,110.5,
10432.86,109.45,
10433.36,108.76,
10433.86,107.12,
10434.36,109.55,
10434.86,110.33,
10435.36,105.74000000000001,
10435.86,104.06,
10436.36,105.16,
10436.86,105.09,
10437.36,105.85000000000001,
10437.86,105.99000000000001,
10438.36,106.9,
10438.86,107.12,
10439.36,105.07000000000001,
10439.86,106.06,
10440.36,106.8,
10440.86,104.82000000000001,
10441.36,104.89,
10441.86,107.13000000000001,
10442.36,108.96000000000001,
10442.86,109.79,
10443.36,110.44,
10443.86,111.01,
10444.36,109.46000000000001,
10444.86,110.53,
10445.36,110.94,
10445.86,106.78,
10446.36,105.23,
10446.86,106.73,
10447.36,108.10000000000001,
10447.86,106.22,
10448.36,104.88000000000001,
10448.86,108.35000000000001,
10449.36,108.11,
10449.86,106.09,
10450.36,107.04,
10450.86,110.22,
10451.36,112.22,
10451.86,109.95,
10452.36,106.43,
10452.86,106.39,
10453.36,107.57000000000001,
10453.86,108.05,
10454.36,106.52,
10454.86,105.51,
10455.36,107.06,
10455.86,106.8,
10456.36,103.82000000000001,
10456.86,104.45,
10457.36,107.05,
10457.86,107.77,
10458.36,108.66,
10458.86,108.82000000000001,
10459.36,108.43,
10459.86,106.07000000000001,
10460.36,103.68,
10460.86,104.23,
10461.36,106.49000000000001,
10461.86,107.74000000000001,
10462.36,109.12,
10462.86,110.23,
10463.36,110.66,
10463.86,109.49000000000001,
10464.36,106.55,
10464.86,107.19,
10465.36,109.72,
10465.86,113.33,
10466.36,117.38000000000001,
10466.86,117.76,
10467.36,111.08,
10467.86,106.65,
10468.36,109.32000000000001,
10468.86,109.21000000000001,
10469.36,107.35000000000001,
10469.86,110.31,
10470.36,112.8,
10470.86,113.29,
10471.36,119.60000000000001,
10471.86,130.6,
10472.36,132.06,
10472.86,117.76,
10473.36,104.68,
10473.86,100.68,
10474.36,100.72,
10474.86,102.36,
10475.36,104.43,
10475.86,106.21000000000001,
10476.36,110.62,
10476.86,112.61,
10477.36,110.28,
10477.86,110.11,
10478.36,109.25,
10478.86,107.01,
10479.35,108.92,
10479.85,113.26,
10480.35,116.26,
10480.85,114.32000000000001,
10481.35,107.8,
10481.85,103.87,
10482.35,103.5,
10482.85,103.4,
10483.35,102.71000000000001,
10483.85,104.02,
10484.35,105.88000000000001,
10484.85,105.26,
10485.35,103.76,
10485.85,105.69,
10486.35,106.07000000000001,
10486.85,103.75,
10487.35,102.7,
10487.85,103.15,
10488.35,105.72,
10488.85,108.28,
10489.35,106.95,
10489.85,105.13000000000001,
10490.35,105.19,
10490.85,106.4,
10491.35,109.64,
10491.85,111.03,
10492.35,108.69,
10492.85,106.75,
10493.35,107.56,
10493.85,108.45,
10494.35,107.37,
10494.85,103.81,
10495.35,101.35000000000001,
10495.85,104.35000000000001,
10496.35,108.09,
10496.85,111.36,
10497.35,113.67,
10497.85,111.64,
10498.35,107.49000000000001,
10498.85,105.14,
10499.35,102.59,
10499.85,101.88000000000001,
10500.35,104.0,
10500.85,106.46000000000001,
10501.35,111.19,
10501.85,124.11,
10502.35,139.38,
10502.85,136.53,
10503.35,116.62,
10503.85,102.34,
10504.35,97.44,
10504.85,98.11,
10505.35,103.91,
10505.85,112.4,
10506.35,117.77,
10506.85,115.39,
10507.35,109.56,
10507.85,105.69,
10508.35,104.68,
10508.85,102.84,
10509.35,99.72,
10509.85,98.57000000000001,
10510.35,100.23,
10510.85,103.79,
10511.35,105.96000000000001,
10511.85,104.47,
10512.35,102.86,
10512.85,105.24000000000001,
10513.35,108.7,
10513.85,110.74000000000001,
10514.35,111.73,
10514.85,112.21000000000001,
10515.35,111.72,
10515.85,110.46000000000001,
10516.35,109.56,
10516.85,110.31,
10517.35,111.98,
10517.85,111.47,
10518.35,109.56,
10518.85,108.84,
10519.35,109.98,
10519.85,111.41,
10520.35,110.97,
10520.85,108.74000000000001,
10521.35,106.35000000000001,
10521.85,104.91,
10522.35,107.28,
10522.85,109.95,
10523.35,117.0,
10523.85,134.79,
10524.35,140.91,
10524.85,124.54,
10525.35,110.38000000000001,
10525.85,115.06,
10526.35,136.1,
10526.85,140.0,
10527.35,115.68,
10527.85,96.34,
10528.35,94.42,
10528.85,104.85000000000001,
10529.35,119.71000000000001,
10529.85,124.69,
10530.35,121.41,
10530.85,118.22,
10531.35,114.49000000000001,
10531.85,111.76,
10532.35,107.91,
10532.85,95.76,
10533.35,80.42,
10533.85,74.05,
10534.35,72.14,
10534.85,70.38,
10535.35,72.82,
10535.85,75.77,
10536.35,75.85,
10536.85,77.35000000000001,
10537.35,78.59,
10537.85,79.18,
10538.35,79.38000000000001,
10538.85,77.8,
10539.35,76.79,
10539.85,78.21000000000001,
10540.35,79.32000000000001,
10540.85,78.81,
10541.35,79.65,
10541.84,83.81,
10542.34,95.92,
10542.84,111.67,
10543.34,117.7,
10543.84,119.85000000000001,
10544.34,123.77,
10544.84,121.43,
10545.34,109.16,
10545.84,96.48,
10546.34,99.69,
10546.84,111.5,
10547.34,101.45,
10547.84,85.45,
10548.34,82.44,
10548.84,82.86,
10549.34,87.45,
10549.84,100.76,
10550.34,113.64,
10550.84,105.14,
10551.34,91.61,
10551.84,90.3,
10552.34,90.09,
10552.84,91.44,
10553.34,93.75,
10553.84,88.95,
10554.34,81.47,
10554.84,77.46000000000001,
10555.34,74.52,
10555.84,74.49,
10556.34,77.18,
10556.84,77.09,
10557.34,76.27,
10557.84,73.86,
10558.34,70.37,
10558.84,70.95,
10559.34,74.22,
10559.84,80.7,
10560.34,87.0,
10560.84,79.59,ANCC
10561.34,66.61,ANCC
10561.84,62.19,ANCC
10562.34,60.239999999999995,ANCC
10562.84,58.599999999999994,ANCC
10563.34,57.36,ANCC
10563.84,55.83,ANCC
10564.34,54.06,ANCC
10564.84,55.72,ANCC
10565.34,58.879999999999995,ANCC
10565.84,56.83,ANCC
10566.34,54.099999999999994,ANCC
10566.84,52.980000000000004,ANCC
10567.34,53.459999999999994,ANCC
10567.84,57.519999999999996,ANCC
10568.34,59.5,ANCC
10568.84,58.67,ANCC
10569.34,56.91,ANCC
10569.84,55.58,ANCC
10570.34,56.42,ANCC
10570.84,59.629999999999995,ANCC
10571.34,64.3,ANCC
10571.84,65.36,ANCC
10572.34,62.370000000000005,ANCC
10572.84,62.230000000000004,ANCC
10573.34,65.54,ANCC
10573.84,68.03,ANCC
10574.34,67.5,ANCC
10574.84,67.28,ANCC
10575.34,68.48,ANCC
10575.84,71.98,ANCC
10576.34,74.06,ANCC
10576.84,67.77,ANCC
10577.34,57.480000000000004,ANCC
10577.84,52.510000000000005,ANCC
10578.34,52.209999999999994,ANCC
10578.84,51.879999999999995,ANCC
10579.34,50.769999999999996,ANCC
10579.84,50.67999999999999,ANCC
10580.34,49.92,ANCC
10580.84,47.489999999999995,ANCC
10581.34,46.28,ANCC
10581.84,50.03,ANCC
10582.34,52.8,ANCC
10582.84,50.2,ANCC
10583.34,48.69,ANCC
10583.84,49.849999999999994,ANCC
10584.34,53.230000000000004,ANCC
10584.84,56.61,ANCC
10585.34,55.019999999999996,ANCC
10585.84,52.14,ANCC
10586.34,51.260000000000005,ANCC
10586.84,53.760000000000005,ANCC
10587.34,63.44,ANCC
10587.84,76.06,ANCC
10588.34,80.84,ANCC
10588.84,78.95,ANCC
10589.34,74.7,ANCC
10589.84,65.34,ANCC
10590.34,53.94,ANCC
10590.84,48.56999999999999,ANCC
10591.34,47.19,ANCC
10591.84,45.040000000000006,ANCC
10592.34,44.709999999999994,ANCC
10592.84,45.78,ANCC
10593.34,46.39,ANCC
10593.84,46.45,ANCC
10594.34,46.61,ANCC
10594.84,47.08,ANCC
10595.34,45.730000000000004,ANCC
10595.84,44.05,ANCC
10596.34,43.65,ANCC
10596.84,43.480000000000004,ANCC
10597.34,43.58,ANCC
10597.84,44.61,ANCC
10598.34,48.06,ANCC
10598.84,54.08,ANCC
10599.34,60.11,ANCC
10599.84,63.790000000000006,ANCC
10600.34,65.29,ANCC
10600.84,64.96,ANCC
10601.34,63.91,ANCC
10601.84,61.97,ANCC
10602.34,61.56999999999999,ANCC
10602.84,63.7,ANCC
10603.34,66.06,ANCC
10603.84,71.97,ANCC
10604.34,83.83,ANCC
10604.84,96.81,ANCC
10605.34,99.75,ANCC
10605.84,91.28,ANCC
10606.34,84.54,ANCC
10606.84,80.87,ANCC
10607.34,78.87,ANCC
10607.84,86.28,ANCC
10608.34,94.60000000000001,ANCC
10608.84,94.34,ANCC
10609.34,91.84,ANCC
10609.84,88.23,ANCC
10610.34,82.98,ANCC
10610.84,77.04,ANCC
10611.34,73.87,ANCC
10611.84,72.33,ANCC
10612.34,69.44,ANCC
10612.84,66.86,ANCC
10613.34,64.89,ANCC
10613.84,63.239999999999995,ANCC
10614.34,61.67999999999999,ANCC
10614.84,63.650000000000006,ANCC
10615.34,66.78,ANCC
10615.84,68.36,ANCC
10616.34,70.5,ANCC
10616.84,71.37,ANCC
10617.34,72.38,ANCC
10617.84,73.4,ANCC
10618.34,73.08,ANCC
10618.84,69.54,ANCC
10619.34,64.37,ANCC
10619.84,62.16,ANCC
10620.34,62.22,ANCC
10620.84,61.44,ANCC
10621.34,65.5,ANCC
10621.84,83.61,ANCC
10622.34,101.38000000000001,ANCC
10622.84,105.60000000000001,ANCC
10623.34,102.96000000000001,ANCC
10623.84,95.99000000000001,ANCC
10624.34,84.91,ANCC
10624.84,78.43,ANCC
10625.34,77.68,ANCC
10625.84,76.52,ANCC
10626.34,76.54,ANCC
10626.84,76.62,ANCC
10627.34,73.57,ANCC
10627.84,72.84,ANCC
10628.34,75.33,ANCC
10628.84,76.52,ANCC
10629.34,76.56,ANCC
10629.84,76.99000000000001,ANCC
10630.34,74.35,ANCC
10630.84,67.04,ANCC
10631.34,63.33,ANCC
10631.84,64.66,ANCC
10632.34,65.17999999999999,ANCC
10632.84,66.31,ANCC
10633.34,75.52,ANCC
10633.84,84.52,ANCC
10634.34,80.09,ANCC
10634.84,73.73,ANCC
10635.34,68.79,ANCC
10635.84,60.95,ANCC
10636.34,55.400000000000006,ANCC
10636.84,53.89,ANCC
10637.34,55.95,ANCC
10637.84,64.21,ANCC
10638.34,74.88,ANCC
10638.84,82.07000000000001,ANCC
10639.34,87.38000000000001,ANCC
10639.84,89.29,ANCC
10640.34,91.66,ANCC
10640.84,87.0,ANCC
10641.34,67.13,ANCC
10641.84,52.92,ANCC
10642.34,53.22,ANCC
10642.84,56.56999999999999,ANCC
10643.34,57.86,ANCC
10643.84,58.61,ANCC
10644.34,59.31999999999999,ANCC
10644.84,64.14,ANCC
10645.34,70.54,ANCC
10645.84,70.47,ANCC
10646.34,66.47,ANCC
10646.84,63.7,ANCC
10647.34,62.489999999999995,ANCC
10647.84,60.67,ANCC
10648.34,59.61,ANCC
10648.84,59.28,ANCC
10649.34,58.290000000000006,ANCC
10649.84,60.260000000000005,ANCC
10650.34,64.65,ANCC
10650.84,64.4,ANCC
10651.34,60.349999999999994,ANCC
10651.84,60.230000000000004,ANCC
10652.34,61.17,ANCC
10652.84,59.64,ANCC
10653.34,58.11,ANCC
10653.84,58.08,ANCC
10654.34,61.41,ANCC
10654.84,68.3,ANCC
10655.34,74.44,ANCC
10655.84,75.64,ANCC
10656.34,74.3,ANCC
10656.84,70.92,ANCC
10657.34,67.98,ANCC
10657.84,70.94,ANCC
10658.34,76.19,ANCC
10658.84,79.0,ANCC
10659.34,78.89,ANCC
10659.84,79.92,ANCC
10660.34,90.61,ANCC
10660.84,103.01,ANCC
10661.34,95.39,ANCC
10661.84,81.65,ANCC
10662.34,74.0,ANCC
10662.84,71.63,ANCC
10663.34,74.85,ANCC
10663.84,79.82000000000001,ANCC
10664.34,81.44,ANCC
10664.84,76.81,ANCC
10665.34,74.74,ANCC
10665.84,76.95,ANCC
10666.34,78.33,ANCC
10666.84,79.12,ANCC
10667.34,79.58,ANCC
10667.84,84.92,ANCC
10668.34,92.81,ANCC
10668.84,88.9,ANCC
10669.34,77.41,ANCC
10669.84,71.17,ANCC
10670.34,69.32,ANCC
10670.84,70.26,ANCC
10671.34,72.07,ANCC
10671.84,75.02,ANCC
10672.34,78.48,ANCC
10672.84,81.04,ANCC
10673.34,82.03,ANCC
10673.84,78.03,ANCC
10674.34,72.73,ANCC
10674.84,74.84,ANCC
10675.34,77.69,ANCC
10675.84,77.59,ANCC
10676.34,78.51,ANCC
10676.84,78.16,ANCC
10677.34,78.25,ANCC
10677.84,79.97,ANCC
10678.34,80.52,ANCC
10678.84,79.62,ANCC
10679.34,78.65,ANCC
10679.84,76.82000000000001,ANCC
10680.34,75.6,ANCC
10680.84,78.24000000000001,ANCC
10681.34,79.28,ANCC
10681.84,79.41,ANCC
10682.34,83.34,ANCC
10682.84,86.3,ANCC
10683.34,86.78,ANCC
10683.84,85.85000000000001,ANCC
10684.34,85.27,ANCC
10684.84,84.72,ANCC
10685.34,83.78,ANCC
10685.84,84.05,ANCC
10686.34,86.08,ANCC
10686.84,90.43,ANCC
10687.34,93.16,ANCC
10687.84,92.08,ANCC
10688.34,91.02,ANCC
10688.84,90.98,ANCC
10689.34,89.74000000000001,ANCC
10689.84,89.37,ANCC
10690.34,88.45,ANCC
10690.84,84.77,ANCC
10691.34,82.37,ANCC
10691.84,83.17,ANCC
10692.34,84.49000000000001,ANCC
10692.84,86.82000000000001,ANCC
10693.34,90.36,ANCC
10693.84,90.95,ANCC
10694.34,88.59,ANCC
10694.84,87.87,ANCC
10695.34,88.96000000000001,ANCC
10695.84,89.97,ANCC
10696.34,89.10000000000001,ANCC
10696.84,88.29,ANCC
10697.34,87.8,ANCC
10697.84,85.97,ANCC
10698.34,85.87,ANCC
10698.84,85.13000000000001,ANCC
10699.34,85.22,ANCC
10699.84,92.65,ANCC
10700.34,98.35000000000001,ANCC
10700.84,95.47,ANCC
10701.34,92.12,ANCC
10701.84,90.17,ANCC
10702.34,86.05,ANCC
10702.84,84.91,ANCC
10703.34,87.19,ANCC
10703.84,89.98,ANCC
10704.34,91.27,ANCC
10704.84,89.55,ANCC
10705.34,87.75,ANCC
10705.84,84.26,ANCC
10706.34,79.71000000000001,ANCC
10706.84,77.34,ANCC
10707.34,77.59,ANCC
10707.84,81.19,ANCC
10708.34,84.18,ANCC
10708.84,84.7,ANCC
10709.34,84.99000000000001,ANCC
10709.84,84.10000000000001,ANCC
10710.34,83.39,ANCC
10710.84,83.84,ANCC
10711.34,84.38000000000001,ANCC
10711.84,85.84,ANCC
10712.34,86.34,ANCC
10712.84,85.98,ANCC
10713.34,87.85000000000001,ANCC
10713.84,91.23,ANCC
10714.34,95.98,ANCC
10714.84,97.2,ANCC
10715.34,94.19,ANCC
10715.84,91.19,ANCC
10716.34,86.54,ANCC
10716.84,82.10000000000001,ANCC
10717.34,80.96000000000001,ANCC
10717.84,80.51,ANCC
10718.34,82.04,ANCC
10718.84,87.58,ANCC
10719.34,89.85000000000001,ANCC
10719.84,85.84,ANCC
10720.34,82.74000000000001,ANCC
10720.84,83.84,ANCC
10721.34,85.08,ANCC
10721.84,85.54,ANCC
10722.34,84.18,ANCC
10722.84,84.23,ANCC
10723.34,89.01,ANCC
10723.84,92.37,ANCC
10724.34,91.49000000000001,ANCC
10724.84,91.45,ANCC
10725.34,93.45,ANCC
10725.84,99.21000000000001,ANCC
10726.34,103.54,ANCC
10726.84,104.16,ANCC
10727.34,101.37,ANCC
10727.84,91.38000000000001,ANCC
10728.34,84.2,ANCC
10728.84,84.41,ANCC
10729.34,85.07000000000001,ANCC
10729.84,82.15,ANCC
10730.34,79.09,ANCC
10730.84,79.11,ANCC
10731.34,81.4,ANCC
10731.84,82.62,ANCC
10732.34,82.91,ANCC
10732.84,83.45,ANCC
10733.34,82.27,ANCC
10733.84,80.51,ANCC
10734.34,80.39,ANCC
10734.84,79.55,ANCC
10735.34,78.91,ANCC
10735.84,79.8,ANCC
10736.34,79.29,ANCC
10736.84,79.58,ANCC
10737.34,81.81,ANCC
10737.84,84.17,ANCC
10738.34,84.04,ANCC
10738.84,84.45,ANCC
10739.34,85.86,ANCC
10739.84,82.78,ANCC
10740.34,79.24000000000001,ANCC
10740.84,81.71000000000001,ANCC
10741.34,87.04,ANCC
10741.84,91.84,ANCC
10742.34,90.02,ANCC
10742.84,81.9,ANCC
10743.34,77.56,ANCC
10743.84,77.5,ANCC
10744.34,77.14,ANCC
10744.84,78.13000000000001,ANCC
10745.34,82.52,ANCC
10745.84,86.45,ANCC
10746.34,88.78,ANCC
10746.84,86.85000000000001,ANCC
10747.34,81.33,ANCC
10747.84,78.53,ANCC
10748.34,77.08,ANCC
10748.84,76.39,ANCC
10749.34,80.69,ANCC
10749.84,93.92,ANCC
10750.34,107.02,ANCC
10750.84,104.39,ASTNU
10751.34,94.99000000000001,ASTNU
10751.84,86.34,ASTNU
10752.34,80.43,ASTNU
10752.84,76.79,ASTNU
10753.34,73.79,ASTNU
10753.84,71.06,ASTNU
10754.34,70.9,ASTNU
10754.84,73.22,ASTNU
10755.34,70.34,ASTNU
10755.84,65.12,ASTNU
10756.34,60.510000000000005,ASTNU
10756.84,58.81999999999999,ASTNU
10757.34,61.69,ASTNU
10757.84,66.87,ASTNU
10758.34,69.61,ASTNU
10758.84,67.09,ASTNU
10759.34,65.73,ASTNU
10759.84,67.97,ASTNU
10760.34,69.82,ASTNU
10760.84,67.4,ASTNU
10761.34,62.45,ASTNU
10761.84,60.16,ASTNU
10762.34,61.230000000000004,ASTNU
10762.84,62.8,ASTNU
10763.34,60.849999999999994,ASTNU
10763.84,57.400000000000006,ASTNU
10764.34,58.75,ASTNU
10764.84,61.92999999999999,ASTNU
10765.34,61.849999999999994,ASTNU
10765.84,61.769999999999996,ASTNU
10766.34,61.45,ASTNU
10766.84,57.7,ASTNU
10767.34,58.42999999999999,ASTNU
10767.84,64.37,ASTNU
10768.34,62.81999999999999,ASTNU
10768.84,56.61,ASTNU
10769.34,53.81,ASTNU
10769.84,52.47,ASTNU
10770.34,55.56,ASTNU
10770.84,61.879999999999995,ASTNU
10771.34,64.37,ASTNU
10771.84,61.370000000000005,ASTNU
10772.34,58.239999999999995,ASTNU
10772.84,59.11,ASTNU
10773.34,57.849999999999994,ASTNU
10773.84,54.879999999999995,ASTNU
10774.34,54.599999999999994,ASTNU
10774.84,56.61,ASTNU
10775.34,57.879999999999995,ASTNU
10775.84,55.260000000000005,ASTNU
10776.34,53.22,ASTNU
10776.84,57.019999999999996,ASTNU
10777.34,62.900000000000006,ASTNU
10777.84,67.88,ASTNU
10778.34,76.17,ASTNU
10778.84,81.38000000000001,ASTNU
10779.34,74.25,ASTNU
10779.84,63.989999999999995,ASTNU
10780.34,60.94,ASTNU
10780.84,65.46,ASTNU
10781.34,69.33,ASTNU
10781.84,66.92999999999999,ASTNU
10782.34,63.06999999999999,ASTNU
10782.84,61.47,ASTNU
10783.34,68.2,ASTNU
10783.84,87.2,ASTNU
10784.34,100.98,ASTNU
10784.84,95.8,ASTNU
10785.34,83.07000000000001,ASTNU
10785.84,74.05,ASTNU
10786.34,68.33,ASTNU
10786.84,64.4,ASTNU
10787.34,61.91,ASTNU
10787.84,61.900000000000006,ASTNU
10788.34,65.63,ASTNU
10788.84,69.54,ASTNU
10789.34,71.33,ASTNU
10789.84,72.01,ASTNU
10790.34,70.47,ASTNU
10790.83,68.2,ASTNU
10791.33,67.35,ASTNU
10791.83,65.42999999999999,ASTNU
10792.33,62.47,ASTNU
10792.83,62.81,ASTNU
10793.33,65.35,ASTNU
10793.83,64.07,ASTNU
10794.33,59.55,ASTNU
10794.83,56.16,ASTNU
10795.33,57.230000000000004,ASTNU
10795.83,61.83,ASTNU
10796.33,66.22,ASTNU
10796.83,67.15,ASTNU
10797.33,62.33,ASTNU
10797.83,56.739999999999995,ASTNU
10798.33,55.39,ASTNU
10798.83,55.75,ASTNU
10799.33,57.06999999999999,ASTNU
10799.83,58.540000000000006,ASTNU
10800.33,58.019999999999996,ASTNU
10800.83,58.3,ASTNU
10801.33,59.370000000000005,ASTNU
10801.83,57.379999999999995,ASTNU
10802.33,54.010000000000005,ASTNU
10802.83,53.45,ASTNU
10803.33,53.72,ASTNU
10803.83,57.290000000000006,ASTNU
10804.33,66.1,ASTNU
10804.83,69.73,ASTNU
10805.33,66.54,ASTNU
10805.83,63.099999999999994,ASTNU
10806.33,59.84,ASTNU
10806.83,55.92999999999999,ASTNU
10807.33,53.53,ASTNU
10807.83,51.650000000000006,ASTNU
10808.33,49.03,ASTNU
10808.83,50.120000000000005,ASTNU
10809.33,55.22,ASTNU
10809.83,59.8,ASTNU
10810.33,63.0,ASTNU
10810.83,63.33,ASTNU
10811.33,60.349999999999994,ASTNU
10811.83,56.84,ASTNU
10812.33,57.41,ASTNU
10812.83,64.09,ASTNU
10813.33,83.31,ASTNU
10813.83,111.74000000000001,ASTNU
10814.33,124.59,ASTNU
10814.83,112.3,ASTNU
10815.33,92.08,ASTNU
10815.83,78.16,ASTNU
10816.33,72.22,ASTNU
10816.83,70.32,ASTNU
10817.33,71.81,ASTNU
10817.83,74.98,ASTNU
10818.33,74.35,ASTNU
10818.83,68.36,ASTNU
10819.33,63.92999999999999,ASTNU
10819.83,63.769999999999996,ASTNU
10820.33,64.95,ASTNU
10820.83,65.37,ASTNU
10821.33,66.02,ASTNU
10821.83,70.21,ASTNU
10822.33,78.93,ASTNU
10822.83,90.04,ASTNU
10823.33,107.54,ASTNU
10823.83,123.86,ASTNU
10824.33,132.01,ASTNU
10824.83,142.31,ASTNU
10825.33,153.88,ASTNU
10825.83,149.75,ASTNU
10826.33,114.51,ASTNL
10826.83,71.59,ASTNL
10827.33,53.0,ASTNL
10827.83,46.349999999999994,ASTNL
10828.33,39.379999999999995,ASTNL
10828.83,37.58,ASTNL
10829.33,37.2,ASTNL
10829.83,35.54,ASTNL
10830.33,33.349999999999994,ASTNL
10830.83,32.15,ASTNL
10831.33,32.26,ASTNL
10831.83,31.08,ASTNL
10832.33,31.18,ASTNL
10832.83,35.72,ASTNL
10833.33,38.89,ASTNL
10833.83,37.82,ASTNL
10834.33,42.230000000000004,ASTNL
10834.83,61.67,ASTNL
10835.33,73.88,ASTNL
10835.83,60.2,ASTNL
10836.33,46.769999999999996,ASTNL
10836.83,51.25,ASTNL
10837.33,63.97,ASTNL
10837.83,64.41,ASTNL
10838.33,50.81,ASTNL
10838.83,37.739999999999995,ASTNL
10839.33,32.43,ASTNL
10839.83,34.65,ASTNL
10840.33,44.42999999999999,ASTNL
10840.83,50.55,ASTNL
10841.33,44.08,ASTNL
10841.83,36.269999999999996,ASTNL
10842.33,34.53,ASTNL
10842.83,35.370000000000005,ASTNL
10843.33,36.06,ASTNL
10843.83,38.86,ASTNL
10844.33,48.42999999999999,ASTNL
10844.83,61.239999999999995,ASTNL
10845.33,70.31,ASTNL
10845.83,93.42,ASTNL
10846.33,125.92,ASTNL
10846.83,121.48,ASTNL
10847.33,84.56,ASTNL
10847.83,56.980000000000004,ASTNL
10848.33,44.84,ASTNL
10848.83,40.96,ASTNL
10849.33,45.06999999999999,ASTNL
10849.83,46.260000000000005,ASTNL
10850.33,38.47,ASTNL
10850.83,31.82,ASTNL
10851.33,34.29,ASTNL
10851.83,42.91,ASTNL
10852.33,49.269999999999996,ASTNL
10852.83,50.3,ASTNL
10853.33,47.739999999999995,ASTNL
10853.83,43.16,ASTNL
10854.33,40.16,ASTNL
10854.83,39.76,ASTNL
10855.33,42.099999999999994,ASTNL
10855.83,43.68,ASTNL
10856.33,39.97,ASTNL
10856.83,33.61,ASTNL
10857.33,30.349999999999998,ASTNL
10857.83,29.689999999999998,ASTNL
10858.33,30.599999999999998,ASTNL
10858.83,33.42,ASTNL
10859.33,37.379999999999995,ASTNL
10859.83,38.879999999999995,ASTNL
10860.33,37.8,ASTNL
10860.83,38.980000000000004,ASTNL
10861.33,42.81,ASTNL
10861.83,46.2,ASTNL
10862.33,46.2,ASTNL
10862.83,41.75,ASTNL
10863.33,37.239999999999995,ASTNL
10863.83,35.93,ASTNL
10864.33,37.39,ASTNL
10864.83,38.41,ASTNL
10865.33,39.629999999999995,ASTNL
10865.83,41.8,ASTNL
10866.33,40.129999999999995,ASTNL
10866.83,36.349999999999994,ASTNL
10867.33,35.08,ASTNL
10867.83,34.07,ASTNL
10868.33,30.96,ASTNL
10868.83,29.15,ASTNL
10869.33,32.71,ASTNL
10869.83,37.480000000000004,ASTNL
10870.33,38.65,ASTNL
10870.83,34.43,ASTNL
10871.33,29.86,ASTNL
10871.83,28.41,ASTNL
10872.33,28.049999999999997,ASTNL
10872.83,27.869999999999997,ASTNL
10873.33,27.96,ASTNL
10873.83,27.97,ASTNL
10874.33,30.39,ASTNL
10874.83,39.519999999999996,ASTNL
10875.33,47.69,ASTNL
10875.83,44.400000000000006,ASTNL
10876.33,36.730000000000004,ASTNL
10876.83,34.28,ASTNL
10877.33,38.32,ASTNL
10877.83,42.730000000000004,ASTNL
10878.33,44.58,ASTNL
10878.83,45.2,ASTNL
10879.33,42.64,ASTNL
10879.83,38.57,ASTNL
10880.33,40.26,ASTNL
10880.83,51.39,ASTNL
10881.33,60.900000000000006,ASTNL
10881.83,59.31999999999999,ASTNL
10882.33,53.230000000000004,ASTNL
10882.83,51.69,ASTNL
10883.33,53.72,ASTNL
10883.83,63.370000000000005,ASTNL
10884.33,72.38,ASTNL
10884.83,68.44,ASTNL
10885.33,63.89,ASTNL
10885.83,62.45,ASTNL
10886.33,61.129999999999995,ASTNL
10886.83,60.75,ASTNL
10887.33,59.629999999999995,ASTNL
10887.83,59.61,ASTNL
10888.33,59.769999999999996,ASTNL
10888.83,55.08,ASTNL
10889.33,50.599999999999994,ASTNL
10889.83,50.730000000000004,ASTNL
10890.33,51.17999999999999,ASTNL
10890.83,50.69,ASTNL
10891.33,51.44,ASTNL
10891.83,51.849999999999994,ASTNL
10892.33,50.33,ASTNL
10892.83,50.120000000000005,ASTNL
10893.33,50.75,ASTNL
10893.83,48.22,ASTNL
10894.33,50.650000000000006,ASTNL
10894.83,57.78,ASTNL
10895.33,59.45,ASTNL
10895.83,54.56,ASTNL
10896.33,48.91,ASTNL
10896.83,47.900000000000006,ASTNL
10897.33,49.709999999999994,ASTNL
10897.83,52.150000000000006,ASTNL
10898.33,53.230000000000004,ASTNL
10898.83,53.8,ASTNL
10899.33,52.97,ASTNL
10899.83,49.61,ASTNL
10900.33,48.36,ASTNL
10900.83,49.849999999999994,ASTNL
10901.33,52.14,ASTNL
10901.83,53.290000000000006,ASTNL
10902.33,51.42,ASTNL
10902.83,49.34,ASTNL
10903.33,49.269999999999996,ASTNL
10903.83,54.41,ASTNL
10904.33,59.650000000000006,ASTNL
10904.83,57.709999999999994,ASTNL
10905.33,58.459999999999994,ASTNL
10905.83,62.08,EGFDU
10906.33,62.22,EGFDU
10906.83,59.8,EGFDU
10907.33,57.980000000000004,EGFDU
10907.83,56.53,EGFDU
10908.33,57.09,EGFDU
10908.83,58.540000000000006,EGFDU
10909.33,57.56999999999999,EGFDU
10909.820000000002,56.519999999999996,EGFDU
10910.320000000002,55.849999999999994,EGFDU
10910.820000000002,56.44,EGFDU
10911.320000000002,59.739999999999995,EGFDU
10911.820000000002,63.790000000000006,EGFDU
10912.320000000002,63.379999999999995,EGFDU
10912.820000000002,59.08,EGFDU
10913.320000000002,56.230000000000004,EGFDU
10913.820000000002,55.989999999999995,EGFDU
10914.320000000002,55.81,EGFDU
10914.820000000002,54.980000000000004,EGFDU
10915.320000000002,53.36,EGFDU
10915.820000000002,52.120000000000005,EGFDU
10916.320000000002,51.31999999999999,EGFDU
10916.820000000002,50.42999999999999,EGFDU
10917.320000000002,51.64,EGFDU
10917.820000000002,57.599999999999994,EGFDU
10918.320000000002,62.769999999999996,EGFDU
10918.820000000002,64.42,EGFDU
10919.320000000002,67.55,EGFDU
10919.820000000002,71.11,EGFDU
10920.320000000002,69.7,EGFDU
10920.820000000002,64.35,EGFDU
10921.320000000002,60.92999999999999,EGFDU
10921.820000000002,60.540000000000006,EGFDU
10922.320000000002,60.28,EGFDU
10922.820000000002,59.28,EGFDU
10923.320000000002,60.269999999999996,EGFDU
10923.820000000002,63.56999999999999,EGFDU
10924.320000000002,63.739999999999995,EGFDU
10924.820000000002,61.120000000000005,EGFDU
10925.320000000002,57.769999999999996,EGFDU
10925.820000000002,55.480000000000004,EGFDU
10926.320000000002,53.900000000000006,EGFDU
10926.820000000002,52.89,EGFDU
10927.320000000002,56.09,EGFDU
10927.820000000002,58.989999999999995,EGFDU
10928.320000000002,58.45,EGFDU
10928.820000000002,56.370000000000005,EGFDU
10929.320000000002,55.36,EGFDU
10929.820000000002,55.53,EGFDU
10930.320000000002,57.150000000000006,EGFDU
10930.820000000002,58.34,EGFDU
10931.320000000002,56.370000000000005,EGFDU
10931.820000000002,53.56999999999999,EGFDU
10932.320000000002,51.239999999999995,EGFDU
10932.820000000002,50.14,EGFDU
10933.320000000002,50.129999999999995,EGFDU
10933.820000000002,51.459999999999994,EGFDU
10934.320000000002,56.8,EGFDU
10934.820000000002,61.510000000000005,EGFDU
10935.320000000002,62.480000000000004,EGFDU
10935.820000000002,62.95,EGFDU
10936.320000000002,61.290000000000006,EGFDU
10936.820000000002,54.959999999999994,EGFDU
10937.320000000002,47.879999999999995,EGFDU
10937.820000000002,45.769999999999996,EGFDU
10938.320000000002,47.730000000000004,EGFDU
10938.820000000002,52.790000000000006,EGFDU
10939.320000000002,57.59,EGFDU
10939.820000000002,56.95,EGFDU
10940.320000000002,51.959999999999994,EGFDU
10940.820000000002,51.959999999999994,EGFDU
10941.320000000002,57.239999999999995,EGFDU
10941.820000000002,62.620000000000005,EGFDU
10942.320000000002,66.14,EGFDU
10942.820000000002,64.4,EGFDU
10943.320000000002,61.629999999999995,EGFDU
10943.820000000002,61.09,EGFDU
10944.320000000002,60.209999999999994,EGFDU
10944.820000000002,58.05,EGFDU
10945.320000000002,58.39,EGFDU
10945.820000000002,58.739999999999995,EGFDU
10946.320000000002,57.91,EGFDU
10946.820000000002,57.769999999999996,EGFDU
10947.320000000002,57.94,EGFDU
10947.820000000002,58.94,EGFDU
10948.320000000002,59.58,EGFDU
10948.820000000002,59.120000000000005,EGFDU
10949.320000000002,58.59,EGFDU
10949.820000000002,60.55,EGFDU
10950.320000000002,65.39,EGFDU
10950.820000000002,69.11,EGFDU
10951.320000000002,71.98,EGFDU
10951.820000000002,77.86,EGFDU
10952.320000000002,85.04,EGFDL
10952.820000000002,87.26,EGFDL
10953.320000000002,84.53,EGFDL
10953.820000000002,82.94,EGFDL
10954.320000000002,82.31,EGFDL
10954.820000000002,81.74000000000001,EGFDL
10955.320000000002,83.24000000000001,EGFDL
10955.820000000002,85.18,EGFDL
10956.320000000002,85.53,EGFDL
10956.820000000002,84.36,EGFDL
10957.320000000002,82.79,EGFDL
10957.820000000002,82.14,EGFDL
10958.320000000002,82.48,EGFDL
10958.820000000002,83.75,EGFDL
10959.320000000002,85.95,EGFDL
10959.820000000002,85.58,EGFDL
10960.320000000002,82.76,EGFDL
10960.820000000002,81.35000000000001,EGFDL
10961.320000000002,83.87,EGFDL
10961.820000000002,86.58,EGFDL
10962.320000000002,87.18,EGFDL
10962.820000000002,86.85000000000001,EGFDL
10963.320000000002,88.12,EGFDL
10963.820000000002,88.58,EGFDL
10964.320000000002,87.0,EGFDL
10964.820000000002,81.58,EGFDL
10965.320000000002,70.2,EGFDL
10965.820000000002,63.290000000000006,EGFDL
10966.320000000002,67.54,EGFDL
10966.820000000002,71.29,EGFDL
10967.320000000002,71.61,EGFDL
10967.820000000002,72.07,EGFDL
10968.320000000002,69.74,EGFDL
10968.820000000002,67.85,EGFDL
10969.320000000002,72.32,EGFDL
10969.820000000002,79.38000000000001,EGFDL
10970.320000000002,79.4,EGFDL
10970.820000000002,75.84,EGFDL
10971.320000000002,75.19,EGFDL
10971.820000000002,73.37,EGFDL
10972.320000000002,72.05,EGFDL
10972.820000000002,73.92,EGFDL
10973.320000000002,78.19,EGFDL
10973.820000000002,78.86,EGFDL
10974.320000000002,68.96,EGFDL
10974.820000000002,58.879999999999995,EGFDL
10975.320000000002,61.599999999999994,EGFDL
10975.820000000002,69.35,EGFDL
10976.320000000002,74.24,EGFDL
10976.820000000002,78.19,EGFDL
10977.320000000002,88.0,EGFDL
10977.820000000002,92.29,EGFDL
10978.320000000002,79.34,EGFDL
10978.810000000001,64.14,EGFDL
10979.310000000001,61.989999999999995,EGFDL
10979.810000000001,67.69,EGFDL
10980.310000000001,68.58,EGFDL
10980.810000000001,72.39,EGFDL
10981.310000000001,79.83,EGFDL
10981.810000000001,80.15,EGFDL
10982.310000000001,85.07000000000001,EGFDL
10982.810000000001,93.11,EGFDL
10983.310000000001,93.15,EGFDL
10983.810000000001,86.55,EGFDL
10984.310000000001,85.5,EGFDL
10984.810000000001,98.57000000000001,EGFDL
10985.310000000001,109.93,EGFDL
10985.810000000001,112.69,EGFDL
10986.310000000001,120.57000000000001,EGFDL
10986.810000000001,126.60000000000001,EGFDL
10987.310000000001,112.16,EGFDL
10987.810000000001,103.41,EGFDL
10988.310000000001,102.33,EGFDL
10988.810000000001,86.32000000000001,EGFDL
10989.310000000001,70.29,EGFDL
10989.810000000001,71.64,EGFDL
10990.310000000001,79.44,EGFDL
10990.810000000001,78.99000000000001,EGFDL
10991.310000000001,70.03,EGFDL
10991.810000000001,66.07,EGFDL
10992.310000000001,68.24,EGFDL
10992.810000000001,68.24,EGFDL
10993.310000000001,67.8,EGFDL
10993.810000000001,70.95,EGFDL
10994.310000000001,80.13000000000001,EGFDL
10994.810000000001,90.83,EGFDL
10995.310000000001,89.09,EGFDL
10995.810000000001,72.6,EGFDL
10996.310000000001,60.72,EGFDL
10996.810000000001,65.76,EGFDL
10997.310000000001,83.49000000000001,EGFDL
10997.810000000001,100.58,EGFDL
10998.310000000001,105.67,EGFDL
10998.810000000001,88.74000000000001,EGFDL
10999.310000000001,62.83,EGFDL
10999.810000000001,54.739999999999995,EGFDL
11000.310000000001,67.6,EGFDL
11000.810000000001,89.34,EGFDL
11001.310000000001,105.3,EGFDL
11001.810000000001,109.94,EGFDL
11002.310000000001,106.84,EGFDL
11002.810000000001,100.66,EGFDL
11003.310000000001,91.68,EGFDL
11003.810000000001,80.3,EGFDL
11004.310000000001,72.17,EGFDL
11004.810000000001,70.42999999999999,EGFDL
11005.310000000001,72.0,EGFDL
11005.810000000001,68.12,EGFDL
11006.310000000001,58.040000000000006,EGFDL
11006.810000000001,52.379999999999995,EGFDL
11007.310000000001,60.16,EGFDL
11007.810000000001,74.19,EGFDL
11008.310000000001,81.99000000000001,EGFDL
11008.810000000001,86.26,EGFDL
11009.310000000001,89.04,EGFDL
11009.810000000001,88.51,EGFDL
11010.310000000001,88.11,EGFDL
11010.810000000001,90.77,EGFDL
11011.310000000001,97.04,EGFDL
11011.810000000001,91.28,EGFDL
11012.310000000001,72.63,EGFDL
11012.810000000001,66.92,EGFDL
11013.310000000001,72.87,EGFDL
11013.810000000001,75.81,EGFDL
11014.310000000001,78.14,EGFDL
11014.810000000001,80.9,EGFDL
11015.310000000001,83.35000000000001,EGFDL
11015.810000000001,85.53,EGFDL
11016.310000000001,84.86,EGFDL
11016.810000000001,83.69,EGFDL
11017.310000000001,79.28,EGFDL
11017.810000000001,68.37,EGFDL
11018.310000000001,58.59,EGFDL
11018.810000000001,57.239999999999995,EGFDL
11019.310000000001,62.099999999999994,EGFDL
11019.810000000001,67.24,EGFDL
11020.310000000001,72.84,EGFDL
11020.810000000001,79.13000000000001,EGFDL
11021.310000000001,79.21000000000001,EGFDL
11021.810000000001,74.85,EGFDL
11022.310000000001,68.27,EGFDL
11022.810000000001,63.870000000000005,EGFDL
11023.310000000001,66.03,EGFDL
11023.810000000001,71.55,EGFDL
11024.310000000001,75.12,EGFDL
11024.810000000001,72.09,EGFDL
11025.310000000001,68.16,EGFDL
11025.810000000001,65.98,EGFDL
11026.310000000001,65.81,EGFDL
11026.800000000001,71.55,EGFDL
11027.300000000001,78.18,EGFDL
11027.800000000001,78.93,EGFDL
11028.300000000001,72.84,EGFDL
11028.800000000001,63.47,EGFDL
11029.300000000001,57.739999999999995,EGFDL
11029.800000000001,61.55,EGFDL
11030.300000000001,69.31,EGFDL
11030.800000000001,74.42,EGFDL
11031.300000000001,75.76,EGFDL
11031.800000000001,71.98,EGFDL
11032.300000000001,77.21000000000001,EGFDL
11032.800000000001,95.24000000000001,EGFDL
11033.300000000001,101.92,EGFDL
11033.800000000001,96.42,EGFDL
11034.300000000001,86.56,EGFDL
11034.800000000001,76.02,EGFDL
11035.300000000001,68.98,EGFDL
11035.800000000001,59.14,EGFDL
11036.300000000001,48.900000000000006,EGFDL
11036.800000000001,45.31,EGFDL
11037.300000000001,50.39,EGFDL
11037.800000000001,67.66,EGFDL
11038.300000000001,86.88000000000001,EGFDL
11038.800000000001,86.7,EGFDL
11039.300000000001,74.41,EGFDL
11039.800000000001,68.21,EGFDL
11040.300000000001,68.66,EGFDL
11040.800000000001,68.52,EGFDL
11041.300000000001,62.22,EGFDL
11041.800000000001,55.790000000000006,EGFDL
11042.300000000001,56.34,EGFDL
11042.800000000001,59.989999999999995,EGFDL
11043.300000000001,64.16,EGFDL
11043.800000000001,66.0,EGFDL
11044.300000000001,64.92,EGFDL
11044.800000000001,66.87,EGFDL
11045.300000000001,69.04,EGFDL
11045.800000000001,63.28,EGFDL
11046.300000000001,61.17999999999999,EGFDL
11046.800000000001,77.68,EGFDL
11047.300000000001,94.35000000000001,EGFDL
11047.800000000001,95.76,EGFDL
11048.300000000001,85.33,EGFDL
11048.800000000001,73.2,EGFDL
11049.300000000001,74.53,EGFDL
11049.800000000001,79.21000000000001,EGFDL
11050.300000000001,79.67,EGFDL
11050.800000000001,82.97,EGFDL
11051.300000000001,84.92,EGFDL
11051.800000000001,78.75,EGFDL
11052.300000000001,67.92999999999999,EGFDL
11052.800000000001,58.849999999999994,EGFDL
11053.300000000001,60.959999999999994,EGFDL
11053.800000000001,75.01,EGFDL
11054.300000000001,80.61,EGFDL
11054.800000000001,74.37,EGFDL
11055.300000000001,70.21,EGFDL
11055.800000000001,74.97,EGFDL
11056.300000000001,81.2,EGFDL
11056.800000000001,85.64,EGFDL
11057.300000000001,87.87,EGFDL
11057.800000000001,86.89,EGFDL
11058.300000000001,84.16,EGFDL
11058.800000000001,79.68,EGFDL
11059.300000000001,72.52,EGFDL
11059.800000000001,64.73,EGFDL
11060.300000000001,66.39,MNSS
11060.800000000001,75.4,MNSS
11061.300000000001,80.17,MNSS
11061.800000000001,81.39,MNSS
11062.300000000001,83.12,MNSS
11062.800000000001,86.4,MNSS
11063.300000000001,91.4,MNSS
11063.800000000001,97.5,MNSS
11064.300000000001,105.4,MNSS
11064.800000000001,116.96000000000001,MNSS
11065.300000000001,129.54999999999998,MNSS
11065.800000000001,134.51,MNSS
11066.300000000001,129.89,MNSS
11066.800000000001,122.19,MNSS
11067.300000000001,123.29,MNSS
11067.800000000001,139.0,MNSS
11068.300000000001,146.85999999999999,MNSS
11068.800000000001,119.04,BUDA
11069.300000000001,69.51,BUDA
11069.800000000001,36.86,BUDA
11070.300000000001,28.81,BUDA
11070.800000000001,27.72,BUDA
11071.300000000001,27.189999999999998,BUDA
11071.800000000001,28.99,BUDA
11072.300000000001,33.19,BUDA
11072.800000000001,34.39,BUDA
11073.300000000001,32.349999999999994,BUDA
11073.800000000001,30.33,BUDA
11074.300000000001,29.529999999999998,BUDA
11074.800000000001,29.63,BUDA
11075.300000000001,34.489999999999995,BUDA
11075.800000000001,43.239999999999995,BUDA
11076.300000000001,45.010000000000005,BUDA
11076.800000000001,43.03,BUDA
11077.29,42.239999999999995,BUDA
11077.79,38.36,BUDA
11078.29,34.19,BUDA
11078.79,33.81,BUDA
11079.29,35.72,BUDA
11079.79,36.01,BUDA
11080.29,35.14,BUDA
11080.79,35.33,BUDA
11081.29,36.03,BUDA
11081.79,35.269999999999996,BUDA
11082.29,33.28,BUDA
11082.79,33.019999999999996,BUDA
11083.29,34.019999999999996,BUDA
11083.79,33.849999999999994,BUDA
11084.29,33.41,BUDA
11084.79,33.870000000000005,BUDA
11085.29,34.18,BUDA
11085.79,34.519999999999996,BUDA
11086.29,33.66,BUDA
11086.79,32.489999999999995,BUDA
11087.29,33.71,BUDA
11087.79,34.83,BUDA
11088.29,33.14,BUDA
11088.79,31.41,BUDA
11089.29,31.81,BUDA
11089.79,33.83,BUDA
11090.29,34.879999999999995,BUDA
11090.79,34.64,BUDA
11091.29,34.19,BUDA
11091.79,31.38,BUDA
11092.29,29.169999999999998,BUDA
11092.79,28.98,BUDA
11093.29,28.08,BUDA
11093.79,26.93,BUDA
11094.29,25.79,BUDA
11094.79,26.61,BUDA
11095.29,27.88,BUDA
11095.79,26.78,BUDA
11096.29,25.99,BUDA
11096.79,27.88,BUDA
11097.29,32.91,BUDA
11097.79,40.06,BUDA
11098.29,41.239999999999995,BUDA
11098.79,33.349999999999994,BUDA
11099.29,29.419999999999998,BUDA
11099.79,32.269999999999996,BUDA
11100.29,34.75,BUDA
11100.79,34.099999999999994,BUDA
11101.29,29.99,BUDA
11101.79,25.78,BUDA
11102.29,24.14,BUDA
11102.79,26.06,BUDA
11103.29,29.65,BUDA
11103.79,30.02,BUDA
11104.29,27.75,BUDA
11104.79,26.2,BUDA
11105.29,25.229999999999997,BUDA
11105.79,24.66,BUDA
11106.29,24.93,BUDA
11106.79,24.729999999999997,BUDA
11107.29,23.96,BUDA
11107.79,25.09,BUDA
11108.29,27.229999999999997,BUDA
11108.79,29.16,BUDA
11109.29,31.189999999999998,BUDA
11109.79,31.47,BUDA
11110.29,29.3,BUDA
11110.79,26.99,BUDA
11111.29,26.39,BUDA
11111.79,27.14,BUDA
11112.29,27.66,BUDA
11112.79,27.189999999999998,BUDA
11113.29,27.72,BUDA
11113.79,29.5,BUDA
11114.29,32.379999999999995,BUDA
11114.79,33.65,BUDA
11115.29,31.54,BUDA
11115.79,30.4,BUDA
11116.29,30.62,BUDA
11116.79,30.29,BUDA
11117.29,28.779999999999998,BUDA
11117.79,26.03,BUDA
11118.29,23.64,BUDA
11118.79,23.41,BUDA
11119.29,25.33,BUDA
11119.79,27.03,BUDA
11120.29,27.229999999999997,BUDA
11120.79,26.03,BUDA
11121.29,25.41,BUDA
11121.79,27.77,BUDA
11122.29,29.919999999999998,BUDA
11122.79,29.259999999999998,BUDA
11123.29,30.099999999999998,BUDA
11123.79,32.18,BUDA
11124.29,31.95,BUDA
11124.79,31.04,BUDA
11125.29,31.18,BUDA
11125.79,31.599999999999998,BUDA
11126.29,31.439999999999998,BUDA
11126.79,32.08,BUDA
11127.28,32.230000000000004,BUDA
11127.78,29.86,BUDA
11128.28,28.24,BUDA
11128.78,28.599999999999998,BUDA
11129.28,29.2,BUDA
11129.78,28.9,BUDA
11130.28,26.88,BUDA
11130.78,25.96,BUDA
11131.28,28.48,BUDA
11131.78,31.189999999999998,BUDA
11132.28,31.509999999999998,BUDA
11132.78,30.86,BUDA
11133.28,29.95,BUDA
11133.78,29.62,BUDA
11134.28,29.4,BUDA
11134.78,29.56,BUDA
11135.28,29.54,BUDA
11135.78,29.21,BUDA
11136.28,29.12,BUDA
11136.78,29.86,BUDA
11137.28,30.419999999999998,BUDA
11137.78,31.3,BUDA
11138.28,31.54,BUDA
11138.78,30.72,BUDA
11139.28,31.27,BUDA
11139.78,31.14,BUDA
11140.28,30.49,BUDA
11140.78,30.41,BUDA
11141.28,29.34,BUDA
11141.78,28.13,BUDA
11142.28,28.46,BUDA
11142.78,29.72,BUDA
11143.28,31.07,BUDA
11143.78,30.96,BUDA
11144.28,31.08,BUDA
11144.78,32.370000000000005,BUDA
11145.28,32.47,BUDA
